full_name, age, birthday, birthday_GMT, league, season, position, Current_Club, minutes_played_overall, minutes_played_home, minutes_played_away, nationality, appearances_overall, appearances_home, appearances_away, goals_overall, goals_home, goals_away, assists_overall, assists_home, assists_away, penalty_goals, penalty_misses, clean_sheets_overall, clean_sheets_home, clean_sheets_away, conceded_overall, conceded_home, conceded_away, yellow_cards_overall, red_cards_overall, goals_involved_per_90_overall, assists_per_90_overall, goals_per_90_overall, goals_per_90_home, goals_per_90_away, min_per_goal_overall, conceded_per_90_overall, min_per_conceded_overall, min_per_match, min_per_card_overall, min_per_assist_overall, cards_per_90_overall, rank_in_league_top_attackers, rank_in_league_top_midfielders, rank_in_league_top_defenders, rank_in_club_top_scorer
Diogo José Teixeira da Silva, 25, 849686400, 1996/12/04, Premier League, 2018/2019, Midfielder, Wolverhampton Wanderers, 2371, 1210, 1161, Portugal, 33, 16, 17, 9, 7, 2, 5, 3, 2, 0, 0, 9, 7, 2, 29, 11, 18, 11, 0, 0.53, 0.19, 0.34, 0.52, 0.16, 263, 1.1, 82, 72, 216, 474, 0.42, 52, 71, -1, 2
Diogo José Teixeira da Silva, 25, 849686400, 1996/12/04, Premier League, 2018/2019, Midfielder, Wolverhampton Wanderers, 2371, 1210, 1161, Portugal, 33, 16, 17, 9, 7, 2, 5, 3, 2, 0, 0, 9, 7, 2, 29, 11, 18, 11, 0, 0.53, 0.19, 0.34, 0.52, 0.16, 263, 1.1, 82, 72, 216, 474, 0.42, 52, 71, -1, 2
Felipe Anderson Pereira Gomes, 29, 734857200, 1993/04/15, Premier League, 2018/2019, Midfielder, West Ham United, 3054, 1439, 1615, Brazil, 36, 17, 19, 9, 4, 5, 4, 2, 2, 0, 0, 6, 3, 3, 43, 21, 22, 3, 0, 0.38, 0.12, 0.27, 0.25, 0.28, 339, 1.27, 71, 85, 1018, 764, 0.09, 70, 130, -1, 2
Troy Deeney, 34, 583570800, 1988/06/29, Premier League, 2018/2019, Forward, Watford, 2548, 1298, 1250, England, 32, 16, 16, 9, 3, 6, 5, 1, 4, 1, 0, 5, 3, 2, 43, 23, 20, 5, 1, 0.49, 0.18, 0.32, 0.21, 0.43, 283, 1.52, 59, 80, 425, 510, 0.21, 57, 81, -1, 2
Pedro Rodriguez, 35, 554454000, 1987/07/28, Premier League, 2018/2019, Midfielder, Chelsea, 1780, 958, 822, Spain, 31, 15, 16, 8, 6, 2, 2, 2, 0, 0, 0, 11, 7, 4, 18, 7, 11, 2, 0, 0.51, 0.1, 0.4, 0.56, 0.22, 223, 0.91, 99, 57, 890, 890, 0.1, 35, 144, -1, 2
Pedro Rodriguez, 35, 554454000, 1987/07/28, Premier League, 2018/2019, Midfielder, Chelsea, 1780, 958, 822, Spain, 31, 15, 16, 8, 6, 2, 2, 2, 0, 0, 0, 11, 7, 4, 18, 7, 11, 2, 0, 0.51, 0.1, 0.4, 0.56, 0.22, 223, 0.91, 99, 57, 890, 890, 0.1, 35, 144, -1, 2
Christian Eriksen, 30, 698054400, 1992/02/14, Premier League, 2018/2019, Midfielder, Tottenham Hotspur, 2772, 1457, 1315, Denmark, 35, 18, 17, 8, 6, 2, 12, 8, 4, 0, 0, 10, 6, 4, 34, 14, 20, 3, 0, 0.65, 0.39, 0.26, 0.37, 0.14, 347, 1.1, 82, 79, 924, 231, 0.1, 76, 10, -1, 4
Gabriel Jesus, 25, 860054400, 1997/04/03, Premier League, 2018/2019, Forward, Manchester City, 1019, 702, 317, Brazil, 29, 14, 15, 7, 5, 2, 3, 1, 2, 1, 0, 16, 7, 9, 11, 7, 4, 1, 0, 0.88, 0.26, 0.62, 0.64, 0.57, 146, 0.97, 93, 35, 1019, 340, 0.09, 6, 33, -1, 4
Gabriel Jesus, 25, 860054400, 1997/04/03, Premier League, 2018/2019, Forward, Manchester City, 1019, 702, 317, Brazil, 29, 14, 15, 7, 5, 2, 3, 1, 2, 1, 0, 16, 7, 9, 11, 7, 4, 1, 0, 0.88, 0.26, 0.62, 0.64, 0.57, 146, 0.97, 93, 35, 1019, 340, 0.09, 6, 33, -1, 4
Andre Gray, 31, 677919600, 1991/06/26, Premier League, 2018/2019, Forward, Watford, 1358, 809, 549, England, 29, 15, 14, 7, 5, 2, 2, 2, 0, 0, 0, 5, 3, 2, 23, 16, 7, 2, 0, 0.6, 0.13, 0.46, 0.56, 0.33, 194, 1.52, 59, 47, 679, 679, 0.13, 25, 109, -1, 3
Ryan Fraser, 28, 762076800, 1994/02/24, Premier League, 2018/2019, Midfielder, AFC Bournemouth, 3173, 1605, 1568, Scotland, 38, 19, 19, 7, 5, 2, 14, 5, 9, 0, 0, 10, 6, 4, 61, 23, 38, 2, 0, 0.6, 0.4, 0.2, 0.28, 0.11, 453, 1.73, 52, 84, 1587, 227, 0.06, 95, 9, -1, 3
Javier Hernandez, 34, 581151600, 1988/06/01, Premier League, 2018/2019, Forward, West Ham United, 1335, 694, 641, Mexico, 25, 13, 12, 7, 5, 2, 1, 0, 1, 0, 0, 3, 1, 2, 16, 8, 8, 2, 0, 0.54, 0.07, 0.47, 0.65, 0.28, 191, 1.08, 83, 53, 668, 1335, 0.13, 23, 186, -1, 3
James Ward-Prowse, 27, 783676800, 1994/11/01, Premier League, 2018/2019, Midfielder, Southampton, 1942, 942, 1000, England, 26, 13, 13, 7, 5, 2, 0, 0, 0, 1, 0, 4, 2, 2, 36, 15, 21, 4, 0, 0.32, 0, 0.32, 0.48, 0.18, 277, 1.67, 54, 75, 486, 0, 0.19, 58, 347, -1, 1
David Brooks, 25, 868345200, 1997/07/08, Premier League, 2018/2019, Forward, AFC Bournemouth, 2278, 1289, 989, England, 30, 17, 13, 7, 4, 3, 5, 3, 2, 0, 0, 9, 5, 4, 39, 17, 22, 3, 0, 0.47, 0.2, 0.28, 0.28, 0.27, 325, 1.54, 58, 76, 759, 456, 0.12, 68, 66, -1, 4
James Maddison, 25, 848736000, 1996/11/23, Premier League, 2018/2019, Midfielder, Leicester City, 2850, 1535, 1315, England, 36, 18, 18, 7, 3, 4, 7, 4, 3, 1, 1, 8, 5, 3, 39, 18, 21, 5, 1, 0.44, 0.22, 0.22, 0.18, 0.27, 407, 1.23, 73, 79, 570, 407, 0.16, 83, 60, -1, 2
Daniel William John Ings, 30, 711874800, 1992/07/23, Premier League, 2018/2019, Forward, Southampton, 1668, 922, 746, England, 24, 13, 11, 7, 3, 4, 3, 3, 0, 3, 0, 6, 2, 4, 26, 13, 13, 1, 0, 0.54, 0.16, 0.38, 0.29, 0.48, 238, 1.4, 64, 70, 1668, 556, 0.05, 39, 87, -1, 2
Bernardo Silva, 28, 776502000, 1994/08/10, Premier League, 2018/2019, Midfielder, Manchester City, 2853, 1470, 1383, Portugal, 36, 18, 18, 7, 2, 5, 7, 4, 3, 0, 0, 18, 8, 10, 22, 11, 11, 3, 0, 0.44, 0.22, 0.22, 0.12, 0.33, 408, 0.69, 130, 79, 951, 408, 0.09, 85, 58, -1, 5
Riyad Mahrez, 31, 667123200, 1991/02/21, Premier League, 2018/2019, Midfielder, Manchester City, 1339, 647, 692, Algeria, 27, 14, 13, 7, 1, 6, 4, 2, 2, 0, 1, 13, 6, 7, 9, 4, 5, 0, 0, 0.74, 0.27, 0.47, 0.14, 0.78, 191, 0.6, 149, 50, 0, 335, 0, 22, 32, -1, 6
Xherdan Shaqiri, 31, 687078000, 1991/10/10, Premier League, 2018/2019, Midfielder, Liverpool, 1058, 538, 520, Switzerland, 24, 12, 12, 6, 5, 1, 3, 0, 3, 0, 0, 12, 7, 5, 5, 3, 2, 2, 0, 0.77, 0.26, 0.51, 0.84, 0.17, 176, 0.43, 212, 44, 529, 353, 0.17, 15, 39, -1, 4
Xherdan Shaqiri, 31, 687078000, 1991/10/10, Premier League, 2018/2019, Midfielder, Liverpool, 1058, 538, 520, Switzerland, 24, 12, 12, 6, 5, 1, 3, 0, 3, 0, 0, 12, 7, 5, 5, 3, 2, 2, 0, 0.77, 0.26, 0.51, 0.84, 0.17, 176, 0.43, 212, 44, 529, 353, 0.17, 15, 39, -1, 4
Roberto Maximiliano Pereyra, 31, 663235200, 1991/01/07, Premier League, 2018/2019, Forward, Watford, 2825, 1467, 1358, Argentina, 33, 17, 16, 6, 5, 1, 1, 0, 1, 0, 0, 5, 3, 2, 52, 27, 25, 3, 0, 0.22, 0.03, 0.19, 0.31, 0.07, 471, 1.66, 54, 86, 942, 2825, 0.1, 97, 251, -1, 4
David Silva, 36, 505555200, 1986/01/08, Premier League, 2018/2019, Midfielder, Manchester City, 2411, 1088, 1323, Spain, 33, 16, 17, 6, 4, 2, 8, 3, 5, 0, 0, 17, 8, 9, 14, 7, 7, 3, 0, 0.52, 0.3, 0.22, 0.33, 0.14, 402, 0.52, 172, 73, 804, 301, 0.11, 88, 22, -1, 7
Nathan Redmond, 28, 762940800, 1994/03/06, Premier League, 2018/2019, Midfielder, Southampton, 3276, 1633, 1643, England, 38, 19, 19, 6, 4, 2, 4, 2, 2, 0, 0, 7, 3, 4, 53, 22, 31, 3, 0, 0.27, 0.11, 0.16, 0.22, 0.11, 546, 1.46, 62, 86, 1092, 819, 0.08, 116, 137, -1, 3
Michail Antonio, 32, 638611200, 1990/03/28, Premier League, 2018/2019, Midfielder, West Ham United, 2099, 998, 1101, England, 33, 16, 17, 6, 4, 2, 4, 2, 2, 0, 0, 5, 3, 2, 26, 10, 16, 3, 0, 0.43, 0.17, 0.26, 0.36, 0.16, 350, 1.11, 81, 64, 700, 525, 0.13, 77, 85, -1, 4
İlkay Gündoğan, 32, 656751600, 1990/10/24, Premier League, 2018/2019, Midfielder, Manchester City, 2135, 985, 1150, Germany, 31, 15, 16, 6, 4, 2, 3, 0, 3, 0, 0, 15, 6, 9, 15, 8, 7, 3, 0, 0.38, 0.13, 0.25, 0.37, 0.16, 356, 0.63, 142, 69, 712, 712, 0.13, 78, 120, -1, 8
Henrikh Mkhitaryan, 33, 601372800, 1989/01/21, Premier League, 2018/2019, Midfielder, Arsenal, 1643, 650, 993, Armenia, 25, 11, 14, 6, 3, 3, 4, 3, 1, 0, 0, 4, 3, 1, 25, 9, 16, 1, 0, 0.55, 0.22, 0.33, 0.42, 0.27, 274, 1.37, 66, 66, 1643, 411, 0.05, 53, 56, -1, 3
Dominic Calvert-Lewin, 25, 858499200, 1997/03/16, Premier League, 2018/2019, Forward, Everton, 1774, 1023, 751, England, 35, 18, 17, 6, 3, 3, 2, 2, 0, 0, 0, 13, 8, 5, 24, 12, 12, 3, 0, 0.41, 0.1, 0.3, 0.26, 0.36, 296, 1.22, 74, 51, 591, 887, 0.15, 65, 145, -1, 3
Ruben Loftus-Cheek, 26, 822384000, 1996/01/23, Premier League, 2018/2019, Midfielder, Chelsea, 983, 507, 476, England, 24, 12, 12, 6, 3, 3, 2, 2, 0, 0, 0, 12, 9, 3, 8, 2, 6, 0, 0, 0.73, 0.18, 0.55, 0.53, 0.57, 164, 0.73, 123, 41, 0, 492, 0, 11, 83, -1, 3
André Schürrle, 31, 657878400, 1990/11/06, Premier League, 2018/2019, Midfielder, Fulham, 1650, 829, 821, Germany, 24, 12, 12, 6, 3, 3, 0, 0, 0, 0, 0, 1, 0, 1, 42, 20, 22, 2, 0, 0.33, 0, 0.33, 0.33, 0.33, 275, 2.29, 39, 69, 825, 0, 0.11, 54, 417, -1, 2
Andros Townsend, 31, 679647600, 1991/07/16, Premier League, 2018/2019, Midfielder, Crystal Palace, 3018, 1571, 1447, England, 38, 19, 19, 6, 2, 4, 4, 2, 2, 0, 0, 12, 7, 5, 44, 20, 24, 1, 0, 0.3, 0.12, 0.18, 0.11, 0.25, 503, 1.31, 69, 79, 3018, 755, 0.03, 102, 127, -1, 3
Víctor Camarasa, 28, 770108400, 1994/05/28, Premier League, 2018/2019, Midfielder, Cardiff City, 2579, 1267, 1312, Spain, 32, 16, 16, 5, 4, 1, 4, 1, 3, 1, 0, 8, 4, 4, 48, 25, 23, 6, 0, 0.31, 0.14, 0.17, 0.28, 0.07, 516, 1.68, 54, 81, 430, 645, 0.21, 111, 106, -1, 1
Víctor Camarasa, 28, 770108400, 1994/05/28, Premier League, 2018/2019, Midfielder, Cardiff City, 2579, 1267, 1312, Spain, 32, 16, 16, 5, 4, 1, 4, 1, 3, 1, 0, 8, 4, 4, 48, 25, 23, 6, 0, 0.31, 0.14, 0.17, 0.28, 0.07, 516, 1.68, 54, 81, 430, 645, 0.21, 111, 106, -1, 1
Mesut Özil, 34, 592902000, 1988/10/15, Premier League, 2018/2019, Midfielder, Arsenal, 1741, 1139, 602, Germany, 24, 14, 10, 5, 4, 1, 2, 2, 0, 0, 0, 6, 5, 1, 23, 11, 12, 2, 0, 0.36, 0.1, 0.26, 0.32, 0.15, 348, 1.19, 76, 73, 871, 871, 0.1, 73, 151, -1, 4
Bobby Reid, 29, 728640000, 1993/02/02, Premier League, 2018/2019, Midfielder, Cardiff City, 1422, 725, 697, England, 27, 11, 16, 5, 4, 1, 2, 1, 1, 1, 0, 6, 2, 4, 27, 19, 8, 0, 0, 0.44, 0.13, 0.32, 0.5, 0.13, 284, 1.71, 53, 53, 0, 711, 0, 55, 115, -1, 2
Gonzalo Higuain, 34, 566121600, 1987/12/10, Premier League, 2018/2019, Forward, Chelsea, 1092, 496, 596, Argentina, 14, 6, 8, 5, 4, 1, 0, 0, 0, 0, 0, 5, 4, 1, 15, 3, 12, 0, 0, 0.41, 0, 0.41, 0.73, 0.15, 218, 1.24, 73, 78, 0, 0, 0, 33, 306, -1, 5
Abdoulaye Doucouré, 29, 725875200, 1993/01/01, Premier League, 2018/2019, Midfielder, Watford, 3062, 1566, 1496, France, 35, 18, 17, 5, 3, 2, 6, 2, 4, 0, 0, 5, 3, 2, 54, 27, 27, 7, 0, 0.32, 0.18, 0.15, 0.17, 0.12, 612, 1.59, 57, 87, 437, 510, 0.21, 124, 80, -1, 5
Ryan Guno Babel, 35, 535363200, 1986/12/19, Premier League, 2018/2019, Forward, Fulham, 1260, 668, 592, Netherlands, 16, 9, 7, 5, 3, 2, 3, 3, 0, 0, 0, 3, 2, 1, 24, 12, 12, 3, 0, 0.57, 0.21, 0.36, 0.4, 0.3, 252, 1.71, 53, 79, 420, 420, 0.21, 47, 61, -1, 3
Theo Walcott, 33, 606038400, 1989/03/16, Premier League, 2018/2019, Forward, Everton, 2122, 1114, 1008, England, 37, 19, 18, 5, 3, 2, 2, 2, 0, 0, 0, 13, 9, 4, 33, 18, 15, 1, 0, 0.3, 0.08, 0.21, 0.24, 0.18, 424, 1.4, 64, 57, 2122, 1061, 0.04, 90, 170, -1, 4
Shane Long, 35, 538300800, 1987/01/22, Premier League, 2018/2019, Forward, Southampton, 1269, 629, 640, Republic of Ireland, 26, 15, 11, 5, 3, 2, 1, 1, 0, 0, 0, 5, 2, 3, 20, 7, 13, 3, 0, 0.43, 0.07, 0.35, 0.43, 0.28, 254, 1.42, 63, 49, 423, 1269, 0.21, 51, 182, -1, 4
Alvaro Morata, 30, 719823600, 1992/10/23, Premier League, 2018/2019, Forward, Chelsea, 943, 530, 413, Spain, 16, 8, 8, 5, 3, 2, 0, 0, 0, 0, 0, 9, 4, 5, 11, 6, 5, 3, 0, 0.48, 0, 0.48, 0.51, 0.44, 189, 1.05, 86, 59, 314, 0, 0.29, 20, 338, -1, 4
Mark Noble, 35, 547455600, 1987/05/08, Premier League, 2018/2019, Midfielder, West Ham United, 2308, 1147, 1161, England, 31, 15, 16, 5, 2, 3, 5, 4, 1, 4, 0, 7, 4, 3, 29, 12, 17, 7, 1, 0.39, 0.19, 0.19, 0.16, 0.23, 462, 1.13, 80, 74, 289, 462, 0.31, 96, 70, -1, 5
Shane Duffy, 30, 694252800, 1992/01/01, Premier League, 2018/2019, Defender, Brighton & Hove Albion, 3088, 1558, 1530, Republic of Ireland, 35, 18, 17, 5, 2, 3, 1, 1, 0, 0, 0, 7, 5, 2, 51, 23, 28, 5, 1, 0.17, 0.03, 0.15, 0.12, 0.18, 618, 1.49, 61, 88, 515, 3088, 0.17, 123, 253, 115, 2
Michy Batshuayi, 29, 749545200, 1993/10/02, Premier League, 2018/2019, Forward, Crystal Palace, 756, 368, 388, Belgium, 11, 6, 5, 5, 2, 3, 0, 0, 0, 0, 0, 3, 2, 1, 11, 7, 4, 0, 0, 0.6, 0, 0.6, 0.49, 0.7, 151, 1.31, 69, 69, 0, 0, 0, 8, 307, -1, 4
Dele Alli, 26, 829206000, 1996/04/11, Premier League, 2018/2019, Midfielder, Tottenham Hotspur, 1827, 755, 1072, England, 25, 11, 14, 5, 1, 4, 3, 2, 1, 0, 0, 7, 3, 4, 17, 4, 13, 4, 0, 0.39, 0.15, 0.25, 0.12, 0.34, 365, 0.84, 107, 73, 457, 609, 0.2, 82, 97, -1, 5
James Milner, 36, 505209600, 1986/01/04, Premier League, 2018/2019, Midfielder, Liverpool, 1785, 646, 1139, England, 31, 12, 19, 5, 0, 5, 4, 2, 2, 3, 0, 18, 9, 9, 11, 4, 7, 7, 1, 0.45, 0.2, 0.25, 0, 0.4, 357, 0.55, 162, 58, 255, 446, 0.35, 81, 65, -1, 5
Rúben Diogo Da Silva Neves, 25, 858240000, 1997/03/13, Premier League, 2018/2019, Midfielder, Wolverhampton Wanderers, 3009, 1451, 1558, Portugal, 35, 17, 18, 4, 3, 1, 3, 2, 1, 2, 0, 8, 6, 2, 40, 19, 21, 8, 0, 0.21, 0.09, 0.12, 0.19, 0.06, 752, 1.2, 75, 86, 376, 1003, 0.24, 145, 162, -1, 3
Rúben Diogo Da Silva Neves, 25, 858240000, 1997/03/13, Premier League, 2018/2019, Midfielder, Wolverhampton Wanderers, 3009, 1451, 1558, Portugal, 35, 17, 18, 4, 3, 1, 3, 2, 1, 2, 0, 8, 6, 2, 40, 19, 21, 8, 0, 0.21, 0.09, 0.12, 0.19, 0.06, 752, 1.2, 75, 86, 376, 1003, 0.24, 145, 162, -1, 3
Fabian Schär, 30, 693216000, 1991/12/20, Premier League, 2018/2019, Defender, Newcastle United, 2002, 1173, 829, Switzerland, 24, 14, 10, 4, 3, 1, 1, 0, 1, 0, 0, 8, 5, 3, 21, 14, 7, 12, 0, 0.22, 0.04, 0.18, 0.23, 0.11, 501, 0.94, 95, 83, 167, 2002, 0.54, 110, 230, 23, 3
Callum Paterson, 28, 782031600, 1994/10/13, Premier League, 2018/2019, Defender, Cardiff City, 1996, 1024, 972, Scotland, 27, 14, 13, 4, 3, 1, 1, 0, 1, 0, 0, 7, 5, 2, 37, 18, 19, 4, 0, 0.23, 0.05, 0.18, 0.26, 0.09, 499, 1.67, 54, 74, 499, 1996, 0.18, 108, 202, 137, 3
Nathan Aké, 27, 793094400, 1995/02/18, Premier League, 2018/2019, Defender, AFC Bournemouth, 3412, 1710, 1702, Netherlands, 38, 19, 19, 4, 3, 1, 0, 0, 0, 0, 0, 10, 6, 4, 66, 23, 43, 3, 0, 0.11, 0, 0.11, 0.16, 0.05, 853, 1.74, 52, 90, 1137, 0, 0.08, 150, 337, 148, 5
Aaron Ramsey, 31, 662198400, 1990/12/26, Premier League, 2018/2019, Midfielder, Arsenal, 1327, 689, 638, Wales, 28, 14, 14, 4, 2, 2, 6, 5, 1, 0, 0, 7, 6, 1, 12, 2, 10, 0, 0, 0.68, 0.41, 0.27, 0.26, 0.28, 332, 0.81, 111, 47, 0, 221, 0, 69, 8, -1, 5
N'Golo Kanté, 31, 670233600, 1991/03/29, Premier League, 2018/2019, Midfielder, Chelsea, 3096, 1579, 1517, France, 36, 19, 17, 4, 2, 2, 4, 3, 1, 0, 0, 15, 10, 5, 37, 12, 25, 3, 0, 0.23, 0.12, 0.12, 0.11, 0.12, 774, 1.08, 84, 86, 1032, 774, 0.09, 141, 126, -1, 6
Lucas Digne, 29, 743151600, 1993/07/20, Premier League, 2018/2019, Defender, Everton, 2990, 1511, 1479, France, 35, 17, 18, 4, 2, 2, 4, 2, 2, 0, 0, 14, 9, 5, 36, 16, 20, 6, 1, 0.24, 0.12, 0.12, 0.12, 0.12, 748, 1.08, 83, 85, 427, 748, 0.21, 147, 125, 42, 5
Pierre-Emile Højbjerg, 27, 807606000, 1995/08/05, Premier League, 2018/2019, Midfielder, Southampton, 2764, 1416, 1348, Denmark, 31, 16, 15, 4, 2, 2, 3, 2, 1, 0, 0, 4, 1, 3, 52, 23, 29, 10, 2, 0.23, 0.1, 0.13, 0.13, 0.13, 691, 1.69, 53, 89, 251, 921, 0.36, 136, 148, -1, 5
Virgil van Dijk, 31, 678956400, 1991/07/08, Premier League, 2018/2019, Defender, Liverpool, 3385, 1675, 1710, Netherlands, 38, 19, 19, 4, 2, 2, 2, 1, 1, 0, 0, 21, 12, 9, 19, 8, 11, 1, 0, 0.16, 0.05, 0.11, 0.11, 0.11, 846, 0.51, 178, 89, 3385, 1693, 0.03, 152, 201, 5, 6
Granit Xhaka, 30, 717577200, 1992/09/27, Premier League, 2018/2019, Midfielder, Arsenal, 2502, 1317, 1185, Switzerland, 29, 15, 14, 4, 2, 2, 2, 0, 2, 0, 0, 7, 6, 1, 35, 11, 24, 10, 0, 0.22, 0.07, 0.14, 0.14, 0.15, 626, 1.26, 71, 86, 250, 1251, 0.36, 127, 183, -1, 6
Souleymane Bamba, 37, 474451200, 1985/01/13, Premier League, 2018/2019, Defender, Cardiff City, 2475, 1260, 1215, Ivory Coast, 28, 14, 14, 4, 2, 2, 1, 1, 0, 0, 0, 7, 4, 3, 46, 23, 23, 7, 0, 0.18, 0.04, 0.15, 0.14, 0.15, 619, 1.67, 54, 88, 354, 2475, 0.25, 118, 222, 136, 4
Willy Boly, 31, 665568000, 1991/02/03, Premier League, 2018/2019, Defender, Wolverhampton Wanderers, 3169, 1530, 1639, France, 36, 17, 19, 4, 2, 2, 0, 0, 0, 0, 0, 8, 6, 2, 38, 17, 21, 3, 1, 0.11, 0, 0.11, 0.12, 0.11, 792, 1.08, 83, 88, 792, 0, 0.11, 148, 312, 43, 4
Karlan Ahearne-Grant, 24, 882518400, 1997/12/19, Premier League, 2018/2019, Forward, Huddersfield Town, 874, 331, 543, England, 13, 6, 7, 4, 2, 2, 0, 0, 0, 0, 0, 1, 1, 0, 22, 7, 15, 0, 0, 0.41, 0, 0.41, 0.54, 0.33, 219, 2.27, 40, 67, 0, 0, 0, 31, 308, -1, 1
Matt Doherty, 30, 695548800, 1992/01/16, Premier League, 2018/2019, Defender, Wolverhampton Wanderers, 3147, 1557, 1590, Republic of Ireland, 38, 19, 19, 4, 1, 3, 5, 4, 1, 0, 0, 9, 7, 2, 38, 18, 20, 5, 0, 0.26, 0.14, 0.11, 0.06, 0.17, 787, 1.09, 83, 83, 629, 629, 0.14, 155, 100, 46, 5
Jesse Lingard, 29, 724406400, 1992/12/15, Premier League, 2018/2019, Midfielder, Manchester United, 1668, 963, 705, England, 27, 15, 12, 4, 1, 3, 2, 1, 1, 1, 0, 6, 2, 4, 25, 16, 9, 3, 0, 0.32, 0.11, 0.22, 0.09, 0.38, 417, 1.35, 67, 62, 556, 834, 0.16, 87, 135, -1, 5
Erik Lamela, 30, 699696000, 1992/03/04, Premier League, 2018/2019, Midfielder, Tottenham Hotspur, 971, 493, 478, Argentina, 19, 11, 8, 4, 1, 3, 2, 1, 1, 0, 0, 5, 3, 2, 11, 5, 6, 2, 0, 0.56, 0.19, 0.37, 0.18, 0.56, 243, 1.02, 88, 51, 486, 486, 0.19, 45, 69, -1, 6
Demarai Gray, 26, 835945200, 1996/06/28, Premier League, 2018/2019, Midfielder, Leicester City, 1992, 1069, 923, England, 34, 17, 17, 4, 1, 3, 1, 1, 0, 0, 0, 8, 5, 3, 26, 10, 16, 2, 0, 0.23, 0.05, 0.18, 0.08, 0.29, 498, 1.17, 77, 59, 996, 1992, 0.09, 103, 212, -1, 3
Jeffrey Schlupp, 29, 725097600, 1992/12/23, Premier League, 2018/2019, Defender, Crystal Palace, 1665, 849, 816, Ghana, 30, 14, 16, 4, 1, 3, 1, 1, 0, 0, 0, 8, 4, 4, 24, 11, 13, 1, 0, 0.27, 0.05, 0.22, 0.11, 0.33, 416, 1.3, 69, 56, 1665, 1665, 0.05, 89, 209, 86, 5
Nathaniel Mendez-Laing, 30, 703321200, 1992/04/15, Premier League, 2018/2019, Midfielder, Cardiff City, 984, 442, 542, England, 20, 9, 11, 4, 0, 4, 1, 1, 0, 1, 0, 6, 3, 3, 15, 8, 7, 0, 0, 0.46, 0.09, 0.37, 0, 0.66, 246, 1.37, 66, 49, 0, 984, 0, 46, 159, -1, 5
Dwight McNeil, 22, 943257600, 1999/11/22, Premier League, 2018/2019, Forward, Burnley, 1599, 941, 658, England, 21, 12, 9, 3, 3, 0, 5, 3, 2, 0, 0, 4, 3, 1, 22, 12, 10, 2, 0, 0.45, 0.28, 0.17, 0.29, 0, 533, 1.24, 73, 76, 800, 320, 0.11, 112, 29, -1, 7
Dwight McNeil, 22, 943257600, 1999/11/22, Premier League, 2018/2019, Forward, Burnley, 1599, 941, 658, England, 21, 12, 9, 3, 3, 0, 5, 3, 2, 0, 0, 4, 3, 1, 22, 12, 10, 2, 0, 0.45, 0.28, 0.17, 0.29, 0, 533, 1.24, 73, 76, 800, 320, 0.11, 112, 29, -1, 7
Juan Mata, 34, 578214000, 1988/04/28, Premier League, 2018/2019, Midfielder, Manchester United, 1294, 833, 461, Spain, 22, 13, 9, 3, 3, 0, 2, 2, 0, 0, 0, 4, 2, 2, 14, 6, 8, 3, 0, 0.35, 0.14, 0.21, 0.32, 0, 431, 0.97, 92, 59, 431, 647, 0.21, 92, 103, -1, 6
David Luiz, 35, 546073200, 1987/04/22, Premier League, 2018/2019, Defender, Chelsea, 3239, 1709, 1530, Brazil, 36, 19, 17, 3, 3, 0, 2, 1, 1, 0, 0, 16, 10, 6, 35, 12, 23, 3, 0, 0.14, 0.06, 0.08, 0.16, 0, 1080, 0.97, 93, 90, 1080, 1620, 0.08, 186, 198, 27, 9
Lucas Perez, 34, 589878000, 1988/09/10, Premier League, 2018/2019, Forward, West Ham United, 468, 287, 181, Spain, 15, 10, 5, 3, 3, 0, 0, 0, 0, 0, 0, 3, 2, 1, 9, 5, 4, 0, 0, 0.58, 0, 0.58, 0.94, 0, 156, 1.73, 52, 31, 0, 0, 0, 10, 276, -1, 6
José Holebas, 38, 457167600, 1984/06/27, Premier League, 2018/2019, Defender, Watford, 2394, 1224, 1170, Greece, 28, 15, 13, 3, 2, 1, 6, 5, 1, 0, 0, 5, 3, 2, 38, 20, 18, 13, 1, 0.34, 0.23, 0.11, 0.15, 0.08, 798, 1.43, 63, 86, 171, 399, 0.53, 153, 49, 105, 7
Willian, 34, 587113200, 1988/08/09, Premier League, 2018/2019, Forward, Chelsea, 2108, 833, 1275, Brazil, 32, 15, 17, 3, 2, 1, 6, 3, 3, 0, 0, 13, 7, 6, 23, 6, 17, 2, 0, 0.38, 0.26, 0.13, 0.22, 0.07, 703, 0.98, 92, 66, 1054, 351, 0.09, 132, 36, -1, 8
Youri Tielemans, 25, 862988400, 1997/05/07, Premier League, 2018/2019, Midfielder, Leicester City, 1092, 575, 517, Belgium, 13, 7, 6, 3, 2, 1, 4, 2, 2, 0, 0, 3, 3, 0, 13, 5, 8, 2, 0, 0.58, 0.33, 0.25, 0.31, 0.17, 364, 1.07, 84, 84, 546, 273, 0.16, 80, 13, -1, 4
Pascal Groß, 31, 676969200, 1991/06/15, Premier League, 2018/2019, Midfielder, Brighton & Hove Albion, 1878, 993, 885, Germany, 25, 13, 12, 3, 2, 1, 3, 1, 2, 1, 1, 3, 2, 1, 31, 16, 15, 1, 0, 0.29, 0.14, 0.14, 0.18, 0.1, 626, 1.49, 61, 75, 1878, 626, 0.05, 126, 104, -1, 4
Cenk Tosun, 31, 676278000, 1991/06/07, Premier League, 2018/2019, Forward, Everton, 1050, 536, 514, Turkey, 25, 13, 12, 3, 2, 1, 3, 1, 2, 0, 0, 7, 4, 3, 16, 9, 7, 3, 0, 0.51, 0.26, 0.26, 0.34, 0.18, 350, 1.37, 66, 42, 350, 350, 0.26, 74, 37, -1, 6
Josh Murphy, 27, 793612800, 1995/02/24, Premier League, 2018/2019, Forward, Cardiff City, 1825, 1123, 702, England, 29, 17, 12, 3, 2, 1, 2, 1, 1, 0, 0, 7, 4, 3, 27, 20, 7, 2, 0, 0.25, 0.1, 0.15, 0.16, 0.13, 608, 1.33, 68, 63, 913, 913, 0.1, 119, 147, -1, 6
Patrick van Aanholt, 32, 651913200, 1990/08/29, Premier League, 2018/2019, Defender, Crystal Palace, 3198, 1703, 1495, Netherlands, 36, 19, 17, 3, 2, 1, 2, 0, 2, 0, 0, 12, 7, 5, 41, 19, 22, 3, 0, 0.14, 0.06, 0.08, 0.11, 0.06, 1066, 1.15, 78, 89, 1066, 1599, 0.08, 184, 199, 53, 6
James Tarkowski, 29, 722160000, 1992/11/19, Premier League, 2018/2019, Defender, Burnley, 3087, 1620, 1467, England, 35, 18, 17, 3, 2, 1, 1, 1, 0, 0, 0, 7, 5, 2, 52, 25, 27, 8, 0, 0.12, 0.03, 0.09, 0.11, 0.06, 1029, 1.52, 59, 88, 386, 3087, 0.23, 170, 238, 121, 4
David Junior Hoilett, 32, 644569200, 1990/06/05, Premier League, 2018/2019, Forward, Cardiff City, 2142, 1008, 1134, Canada, 32, 17, 15, 3, 2, 1, 1, 0, 1, 0, 0, 9, 5, 4, 42, 20, 22, 4, 0, 0.17, 0.04, 0.13, 0.18, 0.08, 714, 1.76, 51, 67, 536, 2142, 0.17, 137, 220, -1, 7
Divock Origi, 27, 798188400, 1995/04/18, Premier League, 2018/2019, Forward, Liverpool, 366, 176, 190, Belgium, 12, 5, 7, 3, 2, 1, 1, 0, 1, 0, 0, 7, 4, 3, 2, 0, 2, 0, 0, 0.98, 0.25, 0.74, 1.02, 0.47, 122, 0.49, 183, 31, 0, 366, 0, 2, 42, -1, 7
Ivan Ricardo Neves Abreu Cavaleiro, 29, 750927600, 1993/10/18, Premier League, 2018/2019, Forward, Wolverhampton Wanderers, 683, 331, 352, Portugal, 23, 13, 10, 3, 2, 1, 1, 0, 1, 0, 0, 5, 4, 1, 10, 7, 3, 1, 0, 0.53, 0.13, 0.4, 0.54, 0.26, 228, 1.32, 68, 30, 683, 683, 0.13, 34, 119, -1, 6
Eric Dier, 28, 758620800, 1994/01/15, Premier League, 2018/2019, Midfielder, Tottenham Hotspur, 1510, 674, 836, England, 20, 9, 11, 3, 2, 1, 0, 0, 0, 0, 0, 6, 2, 4, 16, 8, 8, 4, 0, 0.18, 0, 0.18, 0.27, 0.11, 503, 0.95, 94, 76, 378, 0, 0.24, 107, 278, -1, 7
Laurent Koscielny, 37, 495183600, 1985/09/10, Premier League, 2018/2019, Defender, Arsenal, 1328, 484, 844, France, 17, 6, 11, 3, 2, 1, 0, 0, 0, 0, 0, 4, 3, 1, 21, 5, 16, 1, 0, 0.2, 0, 0.2, 0.37, 0.11, 443, 1.42, 63, 78, 1328, 0, 0.07, 93, 295, 103, 7
Sam Vokes, 33, 624956400, 1989/10/21, Premier League, 2018/2019, Forward, Burnley, 913, 455, 458, Wales, 20, 10, 10, 3, 2, 1, 0, 0, 0, 0, 0, 4, 2, 2, 18, 9, 9, 0, 0, 0.3, 0, 0.3, 0.4, 0.2, 304, 1.77, 51, 46, 0, 0, 0, 64, 351, -1, 3
Florin Andone, 29, 734511600, 1993/04/11, Premier League, 2018/2019, Forward, Brighton & Hove Albion, 874, 416, 458, Romania, 23, 12, 11, 3, 2, 1, 0, 0, 0, 0, 0, 3, 3, 0, 13, 5, 8, 5, 0, 0.31, 0, 0.31, 0.43, 0.2, 291, 1.34, 67, 38, 175, 0, 0.51, 60, 289, -1, 3
Alex Iwobi, 26, 831106800, 1996/05/03, Premier League, 2018/2019, Forward, Arsenal, 1972, 742, 1230, Nigeria, 35, 18, 17, 3, 1, 2, 6, 3, 3, 0, 0, 8, 7, 1, 31, 8, 23, 0, 0, 0.41, 0.27, 0.14, 0.12, 0.15, 657, 1.41, 64, 56, 0, 329, 0, 128, 31, -1, 8
James McArthur, 35, 560588400, 1987/10/07, Premier League, 2018/2019, Midfielder, Crystal Palace, 3071, 1506, 1565, Scotland, 38, 19, 19, 3, 1, 2, 6, 1, 5, 0, 0, 12, 7, 5, 44, 19, 25, 7, 0, 0.26, 0.18, 0.09, 0.06, 0.12, 1024, 1.29, 70, 81, 439, 512, 0.21, 179, 74, -1, 7
Ross Barkley, 28, 755078400, 1993/12/05, Premier League, 2018/2019, Midfielder, Chelsea, 1241, 432, 809, England, 27, 11, 16, 3, 1, 2, 5, 2, 3, 0, 0, 11, 5, 6, 13, 5, 8, 1, 0, 0.58, 0.36, 0.22, 0.21, 0.22, 414, 0.94, 95, 46, 1241, 248, 0.07, 84, 12, -1, 7
Stuart Armstrong, 30, 701942400, 1992/03/30, Premier League, 2018/2019, Midfielder, Southampton, 1432, 469, 963, Scotland, 29, 11, 18, 3, 1, 2, 2, 1, 1, 0, 0, 4, 1, 3, 23, 8, 15, 2, 0, 0.31, 0.13, 0.19, 0.19, 0.19, 477, 1.45, 62, 49, 716, 716, 0.13, 98, 114, -1, 6
Aaron Mooy, 32, 653382000, 1990/09/15, Premier League, 2018/2019, Midfielder, Huddersfield Town, 2327, 1190, 1137, Australia, 29, 15, 14, 3, 1, 2, 1, 0, 1, 1, 0, 4, 3, 1, 46, 20, 26, 4, 0, 0.15, 0.04, 0.12, 0.08, 0.16, 776, 1.78, 51, 80, 582, 2327, 0.15, 144, 233, -1, 3
Mathias Jattah-Njie Jørgensen, 32, 640854000, 1990/04/23, Premier League, 2018/2019, Defender, Huddersfield Town, 2148, 1248, 900, Denmark, 24, 14, 10, 3, 1, 2, 1, 0, 1, 0, 0, 3, 2, 1, 37, 21, 16, 6, 0, 0.17, 0.04, 0.13, 0.07, 0.2, 716, 1.55, 58, 90, 358, 2148, 0.25, 129, 235, 125, 2
Aboubakar Kamara, 27, 794563200, 1995/03/07, Premier League, 2018/2019, Forward, Fulham, 687, 468, 219, France, 13, 8, 5, 3, 1, 2, 0, 0, 0, 1, 1, 2, 1, 1, 16, 9, 7, 2, 0, 0.39, 0, 0.39, 0.19, 0.82, 229, 2.1, 43, 53, 344, 0, 0.26, 38, 412, -1, 4
Craig Cathcart, 33, 602755200, 1989/02/06, Premier League, 2018/2019, Defender, Watford, 3099, 1561, 1538, Northern Ireland, 36, 18, 18, 3, 1, 2, 0, 0, 0, 0, 0, 6, 3, 3, 52, 28, 24, 2, 0, 0.09, 0, 0.09, 0.06, 0.12, 1033, 1.51, 60, 86, 1550, 0, 0.06, 177, 400, 119, 6
Jeff Hendrick, 30, 696844800, 1992/01/31, Premier League, 2018/2019, Midfielder, Burnley, 2069, 898, 1171, Republic of Ireland, 32, 15, 17, 3, 1, 2, 0, 0, 0, 0, 0, 6, 3, 3, 41, 18, 23, 4, 0, 0.13, 0, 0.13, 0.1, 0.15, 690, 1.78, 50, 65, 517, 0, 0.17, 131, 349, -1, 6
Wes Morgan, 38, 443520000, 1984/01/21, Premier League, 2018/2019, Defender, Leicester City, 1926, 783, 1143, Jamaica, 22, 9, 13, 3, 1, 2, 0, 0, 0, 0, 0, 6, 3, 3, 24, 9, 15, 5, 2, 0.14, 0, 0.14, 0.11, 0.16, 642, 1.12, 80, 88, 385, 0, 0.23, 125, 300, 48, 6
Georginio Wijnaldum, 31, 658310400, 1990/11/11, Premier League, 2018/2019, Midfielder, Liverpool, 2735, 1413, 1322, Netherlands, 35, 18, 17, 3, 1, 2, 0, 0, 0, 0, 0, 21, 12, 9, 15, 6, 9, 3, 0, 0.1, 0, 0.1, 0.06, 0.14, 912, 0.49, 182, 78, 912, 0, 0.1, 164, 416, -1, 8
Ciaran Clark, 33, 622796400, 1989/09/26, Premier League, 2018/2019, Defender, Newcastle United, 857, 416, 441, Republic of Ireland, 11, 6, 5, 3, 1, 2, 0, 0, 0, 0, 0, 2, 0, 2, 14, 9, 5, 1, 0, 0.32, 0, 0.32, 0.22, 0.41, 286, 1.47, 61, 78, 857, 0, 0.11, 56, 315, 113, 4
Johann Berg Guðmunds­son, 32, 657010800, 1990/10/27, Premier League, 2018/2019, Midfielder, Burnley, 1748, 847, 901, Iceland, 29, 15, 14, 3, 0, 3, 6, 5, 1, 0, 0, 6, 4, 2, 31, 13, 18, 2, 0, 0.46, 0.31, 0.15, 0, 0.3, 583, 1.6, 56, 60, 874, 291, 0.1, 122, 18, -1, 5
Aymeric Laporte, 28, 770022000, 1994/05/27, Premier League, 2018/2019, Defender, Manchester City, 3057, 1526, 1531, France, 35, 17, 18, 3, 0, 3, 3, 3, 0, 0, 0, 18, 8, 10, 21, 11, 10, 3, 0, 0.18, 0.09, 0.09, 0, 0.18, 1019, 0.62, 146, 87, 1019, 1019, 0.09, 176, 158, 14, 9
Harry Maguire, 29, 731318400, 1993/03/05, Premier League, 2018/2019, Defender, Leicester City, 2599, 1350, 1249, England, 31, 15, 16, 3, 0, 3, 0, 0, 0, 0, 0, 7, 3, 4, 36, 16, 20, 7, 1, 0.1, 0, 0.1, 0, 0.22, 866, 1.25, 72, 84, 325, 0, 0.28, 165, 299, 78, 5
Ricardo Domingos Barbosa Pereira, 29, 749890800, 1993/10/06, Premier League, 2018/2019, Defender, Leicester City, 3125, 1526, 1599, Portugal, 35, 17, 18, 2, 2, 0, 6, 3, 3, 0, 0, 10, 6, 4, 40, 16, 24, 7, 0, 0.23, 0.17, 0.06, 0.12, 0, 1563, 1.15, 78, 89, 446, 521, 0.2, 214, 84, 52, 7
Ricardo Domingos Barbosa Pereira, 29, 749890800, 1993/10/06, Premier League, 2018/2019, Defender, Leicester City, 3125, 1526, 1599, Portugal, 35, 17, 18, 2, 2, 0, 6, 3, 3, 0, 0, 10, 6, 4, 40, 16, 24, 7, 0, 0.23, 0.17, 0.06, 0.12, 0, 1563, 1.15, 78, 89, 446, 521, 0.2, 214, 84, 52, 7
Steve Mounié, 28, 780822000, 1994/09/29, Premier League, 2018/2019, Forward, Huddersfield Town, 1777, 1009, 768, Benin, 31, 16, 15, 2, 2, 0, 3, 1, 2, 0, 0, 5, 3, 2, 34, 15, 19, 2, 1, 0.25, 0.15, 0.1, 0.18, 0, 889, 1.72, 52, 57, 592, 592, 0.15, 168, 90, -1, 6
Lucas Torreira, 26, 824025600, 1996/02/11, Premier League, 2018/2019, Midfielder, Arsenal, 2377, 1231, 1146, Uruguay, 34, 17, 17, 2, 2, 0, 2, 0, 2, 0, 0, 6, 5, 1, 35, 10, 25, 8, 1, 0.15, 0.08, 0.08, 0.15, 0, 1189, 1.33, 68, 70, 264, 1189, 0.34, 190, 174, -1, 10
Séamus Coleman, 34, 592556400, 1988/10/11, Premier League, 2018/2019, Defender, Everton, 2560, 1333, 1227, Republic of Ireland, 29, 15, 14, 2, 2, 0, 2, 0, 2, 0, 0, 13, 8, 5, 29, 15, 14, 1, 0, 0.14, 0.07, 0.07, 0.14, 0, 1280, 1.02, 88, 88, 2560, 1280, 0.04, 197, 178, 34, 8
Kevin De Bruyne, 31, 678092400, 1991/06/28, Premier League, 2018/2019, Midfielder, Manchester City, 974, 477, 497, Belgium, 19, 9, 10, 2, 2, 0, 2, 0, 2, 0, 0, 12, 6, 6, 3, 1, 2, 2, 0, 0.37, 0.18, 0.18, 0.38, 0, 487, 0.28, 325, 51, 487, 487, 0.18, 109, 75, -1, 10
Declan Rice, 23, 916300800, 1999/01/14, Premier League, 2018/2019, Midfielder, West Ham United, 3005, 1440, 1565, Republic of Ireland, 34, 16, 18, 2, 2, 0, 0, 0, 0, 0, 0, 6, 3, 3, 42, 21, 21, 4, 0, 0.06, 0, 0.06, 0.13, 0, 1503, 1.26, 72, 88, 751, 0, 0.12, 210, 362, -1, 9
Calum Chambers, 27, 790588800, 1995/01/20, Premier League, 2018/2019, Defender, Fulham, 2587, 1458, 1129, England, 31, 17, 14, 2, 2, 0, 0, 0, 0, 0, 0, 5, 3, 2, 49, 24, 25, 9, 0, 0.07, 0, 0.07, 0.12, 0, 1294, 1.7, 53, 83, 287, 0, 0.31, 198, 399, 143, 5
Jürgen Locadia, 28, 752659200, 1993/11/07, Premier League, 2018/2019, Forward, Brighton & Hove Albion, 1227, 590, 637, Netherlands, 26, 14, 12, 2, 2, 0, 0, 0, 0, 0, 0, 4, 3, 1, 19, 9, 10, 1, 0, 0.15, 0, 0.15, 0.31, 0, 614, 1.39, 65, 47, 1227, 0, 0.07, 120, 281, -1, 7
José Luis Sanmartín Mato, 32, 638524800, 1990/03/27, Premier League, 2018/2019, Forward, Newcastle United, 586, 308, 278, Spain, 16, 9, 7, 2, 2, 0, 0, 0, 0, 0, 0, 4, 2, 2, 12, 8, 4, 1, 0, 0.31, 0, 0.31, 0.58, 0, 293, 1.84, 49, 37, 586, 0, 0.15, 61, 265, -1, 5
Onyinye Wilfred Ndidi, 25, 850723200, 1996/12/16, Premier League, 2018/2019, Midfielder, Leicester City, 3299, 1624, 1675, Nigeria, 38, 19, 19, 2, 2, 0, 0, 0, 0, 0, 0, 10, 6, 4, 42, 18, 24, 8, 0, 0.05, 0, 0.05, 0.11, 0, 1650, 1.15, 79, 87, 412, 0, 0.22, 218, 332, -1, 9
Matt Ritchie, 33, 621414000, 1989/09/10, Premier League, 2018/2019, Midfielder, Newcastle United, 2940, 1557, 1383, Scotland, 36, 19, 17, 2, 1, 1, 8, 2, 6, 1, 1, 11, 5, 6, 37, 21, 16, 9, 0, 0.31, 0.24, 0.06, 0.06, 0.07, 1470, 1.13, 79, 82, 327, 368, 0.28, 216, 46, -1, 6
Anthony Knockaert, 30, 690624000, 1991/11/20, Premier League, 2018/2019, Midfielder, Brighton & Hove Albion, 1832, 982, 850, France, 30, 16, 14, 2, 1, 1, 6, 5, 1, 0, 0, 3, 3, 0, 36, 17, 19, 5, 1, 0.39, 0.29, 0.1, 0.09, 0.11, 916, 1.77, 51, 61, 305, 305, 0.29, 159, 27, -1, 6
Ryan Sessegnon, 22, 958633200, 2000/05/18, Premier League, 2018/2019, Defender, Fulham, 2298, 1095, 1203, England, 35, 18, 17, 2, 1, 1, 6, 3, 3, 0, 0, 4, 3, 1, 58, 22, 36, 0, 0, 0.31, 0.23, 0.08, 0.08, 0.07, 1149, 2.27, 40, 66, 0, 383, 0, 182, 53, 168, 6
Robert Snodgrass, 35, 557996400, 1987/09/07, Premier League, 2018/2019, Midfielder, West Ham United, 2222, 1108, 1114, Scotland, 33, 16, 17, 2, 1, 1, 5, 4, 1, 0, 0, 6, 3, 3, 31, 16, 15, 10, 0, 0.28, 0.2, 0.08, 0.08, 0.08, 1111, 1.26, 72, 67, 222, 444, 0.41, 188, 64, -1, 8
Marcos Alonso, 31, 662371200, 1990/12/28, Premier League, 2018/2019, Defender, Chelsea, 2761, 1338, 1423, Spain, 31, 15, 16, 2, 1, 1, 4, 3, 1, 0, 0, 14, 8, 6, 28, 9, 19, 6, 0, 0.2, 0.13, 0.07, 0.07, 0.06, 1381, 0.91, 99, 89, 460, 690, 0.2, 191, 112, 22, 10
Olivier Giroud, 36, 528447600, 1986/09/30, Premier League, 2018/2019, Forward, Chelsea, 832, 446, 386, France, 27, 14, 13, 2, 1, 1, 4, 3, 1, 0, 0, 12, 7, 5, 4, 1, 3, 1, 0, 0.65, 0.43, 0.22, 0.2, 0.23, 416, 0.43, 208, 31, 832, 208, 0.11, 86, 7, -1, 12
Will Hughes, 27, 798102000, 1995/04/17, Premier League, 2018/2019, Midfielder, Watford, 2436, 1251, 1185, England, 32, 16, 16, 2, 1, 1, 4, 2, 2, 0, 0, 5, 3, 2, 39, 19, 20, 5, 0, 0.22, 0.15, 0.07, 0.07, 0.08, 1218, 1.44, 62, 76, 487, 609, 0.18, 199, 91, -1, 8
Junior Stanislas, 32, 628070400, 1989/11/26, Premier League, 2018/2019, Midfielder, AFC Bournemouth, 1027, 559, 468, England, 23, 12, 11, 2, 1, 1, 3, 3, 0, 1, 0, 7, 4, 3, 24, 8, 16, 1, 0, 0.44, 0.26, 0.18, 0.16, 0.19, 514, 2.1, 43, 45, 1027, 342, 0.09, 104, 35, -1, 7
Ashley Young, 37, 489740400, 1985/07/09, Premier League, 2018/2019, Midfielder, Manchester United, 2568, 1207, 1361, England, 30, 14, 16, 2, 1, 1, 2, 2, 0, 0, 0, 4, 2, 2, 41, 16, 25, 10, 1, 0.14, 0.07, 0.07, 0.07, 0.07, 1284, 1.44, 63, 86, 257, 1284, 0.35, 195, 181, -1, 9
Charlie Austin, 33, 615625200, 1989/07/05, Premier League, 2018/2019, Forward, Southampton, 980, 454, 526, England, 25, 13, 12, 2, 1, 1, 2, 1, 1, 0, 1, 6, 3, 3, 14, 6, 8, 1, 0, 0.37, 0.18, 0.18, 0.2, 0.17, 490, 1.29, 70, 39, 980, 490, 0.09, 105, 73, -1, 8
Marc Albrighton, 32, 627379200, 1989/11/18, Premier League, 2018/2019, Midfielder, Leicester City, 1626, 797, 829, England, 27, 14, 13, 2, 1, 1, 2, 1, 1, 0, 0, 9, 5, 4, 17, 8, 9, 3, 0, 0.22, 0.11, 0.11, 0.11, 0.11, 813, 0.94, 96, 60, 542, 813, 0.17, 156, 140, -1, 8
Kurt Zouma, 28, 783241200, 1994/10/27, Premier League, 2018/2019, Defender, Everton, 2610, 1350, 1260, France, 32, 16, 16, 2, 1, 1, 2, 0, 2, 0, 0, 11, 8, 3, 37, 17, 20, 5, 1, 0.14, 0.07, 0.07, 0.07, 0.07, 1305, 1.28, 71, 82, 522, 1305, 0.17, 192, 185, 83, 7
Yann Valery, 23, 919670400, 1999/02/22, Premier League, 2018/2019, Defender, Southampton, 1715, 1070, 645, France, 23, 13, 10, 2, 1, 1, 1, 1, 0, 0, 0, 3, 1, 2, 26, 17, 9, 5, 1, 0.16, 0.05, 0.1, 0.08, 0.14, 858, 1.36, 66, 75, 343, 1715, 0.26, 162, 214, 95, 7
Naby Deco Keïta, 27, 792403200, 1995/02/10, Premier League, 2018/2019, Midfielder, Liverpool, 1392, 729, 663, Guinea, 25, 14, 11, 2, 1, 1, 1, 1, 0, 0, 0, 15, 10, 5, 7, 4, 3, 0, 0, 0.19, 0.06, 0.13, 0.12, 0.14, 696, 0.45, 199, 56, 0, 1392, 0, 138, 190, -1, 9
Daniel Sturridge, 33, 620636400, 1989/09/01, Premier League, 2018/2019, Forward, Liverpool, 496, 152, 344, England, 18, 9, 9, 2, 1, 1, 1, 1, 0, 0, 0, 10, 7, 3, 3, 0, 3, 1, 0, 0.54, 0.18, 0.36, 0.59, 0.26, 248, 0.54, 165, 28, 496, 496, 0.18, 48, 79, -1, 10
Philip Billing, 26, 834476400, 1996/06/11, Premier League, 2018/2019, Midfielder, Huddersfield Town, 2192, 1106, 1086, Denmark, 27, 13, 14, 2, 1, 1, 0, 0, 0, 0, 0, 5, 3, 2, 41, 17, 24, 7, 0, 0.08, 0, 0.08, 0.08, 0.08, 1096, 1.68, 53, 81, 313, 0, 0.29, 185, 372, -1, 4
Leander Dendoncker, 27, 797929200, 1995/04/15, Premier League, 2018/2019, Midfielder, Wolverhampton Wanderers, 1469, 635, 834, Belgium, 19, 9, 10, 2, 1, 1, 0, 0, 0, 0, 0, 4, 4, 0, 19, 6, 13, 1, 0, 0.12, 0, 0.12, 0.14, 0.11, 735, 1.16, 77, 77, 1469, 0, 0.06, 146, 331, -1, 8
Romain Saïss, 32, 638438400, 1990/03/26, Premier League, 2018/2019, Midfielder, Wolverhampton Wanderers, 1144, 544, 600, Morocco, 19, 8, 11, 2, 1, 1, 0, 0, 0, 0, 0, 4, 3, 1, 16, 6, 10, 7, 0, 0.16, 0, 0.16, 0.17, 0.15, 572, 1.26, 72, 60, 163, 0, 0.55, 115, 264, -1, 7
Alex Pritchard, 29, 736412400, 1993/05/03, Premier League, 2018/2019, Midfielder, Huddersfield Town, 2092, 992, 1100, England, 30, 14, 16, 2, 1, 1, 0, 0, 0, 0, 0, 4, 2, 2, 39, 16, 23, 2, 0, 0.09, 0, 0.09, 0.09, 0.08, 1046, 1.68, 54, 70, 1046, 0, 0.09, 171, 373, -1, 5
Ashley Westwood, 32, 638956800, 1990/04/01, Premier League, 2018/2019, Midfielder, Burnley, 2822, 1530, 1292, England, 34, 18, 16, 2, 0, 2, 7, 2, 5, 0, 0, 7, 5, 2, 44, 22, 22, 5, 0, 0.29, 0.22, 0.06, 0, 0.14, 1411, 1.4, 64, 83, 564, 403, 0.16, 212, 55, -1, 8
Ander Herrera, 33, 619081200, 1989/08/14, Premier League, 2018/2019, Midfielder, Manchester United, 1404, 617, 787, Spain, 22, 10, 12, 2, 0, 2, 3, 3, 0, 0, 0, 6, 1, 5, 17, 9, 8, 4, 0, 0.32, 0.19, 0.13, 0, 0.23, 702, 1.09, 83, 64, 351, 468, 0.26, 134, 68, -1, 7
Lewis Dunk, 30, 690710400, 1991/11/21, Premier League, 2018/2019, Defender, Brighton & Hove Albion, 3153, 1550, 1603, England, 36, 18, 18, 2, 0, 2, 1, 0, 1, 0, 0, 7, 5, 2, 53, 24, 29, 7, 1, 0.09, 0.03, 0.06, 0, 0.11, 1577, 1.51, 59, 88, 450, 3153, 0.2, 203, 252, 120, 5
Dan Gosling, 32, 633859200, 1990/02/01, Premier League, 2018/2019, Midfielder, AFC Bournemouth, 1737, 911, 826, England, 25, 13, 12, 2, 0, 2, 1, 0, 1, 0, 0, 7, 4, 3, 31, 14, 17, 8, 0, 0.16, 0.05, 0.1, 0, 0.22, 869, 1.61, 56, 69, 217, 1737, 0.41, 158, 206, -1, 8
Jorginho, 30, 693216000, 1991/12/20, Premier League, 2018/2019, Midfielder, Chelsea, 3165, 1621, 1544, Italy, 37, 19, 18, 2, 0, 2, 0, 0, 0, 1, 0, 16, 10, 6, 36, 12, 24, 8, 0, 0.06, 0, 0.06, 0, 0.12, 1583, 1.02, 88, 86, 396, 0, 0.23, 213, 375, -1, 11
Jefferson Lerma, 28, 783068400, 1994/10/25, Premier League, 2018/2019, Midfielder, AFC Bournemouth, 2511, 1319, 1192, Colombia, 30, 15, 15, 2, 0, 2, 0, 0, 0, 0, 0, 8, 4, 4, 45, 18, 27, 12, 0, 0.07, 0, 0.07, 0, 0.15, 1256, 1.61, 56, 84, 209, 0, 0.43, 202, 288, -1, 6
Shkodran Mustafi, 30, 703494000, 1992/04/17, Premier League, 2018/2019, Defender, Arsenal, 2617, 1263, 1354, Germany, 31, 15, 16, 2, 0, 2, 0, 0, 0, 0, 0, 6, 5, 1, 36, 12, 24, 9, 0, 0.07, 0, 0.07, 0, 0.13, 1309, 1.24, 73, 84, 291, 0, 0.31, 201, 378, 74, 9
Scott McTominay, 25, 850032000, 1996/12/08, Premier League, 2018/2019, Midfielder, Manchester United, 861, 345, 516, England, 16, 7, 9, 2, 0, 2, 0, 0, 0, 0, 0, 3, 1, 2, 17, 6, 11, 1, 0, 0.21, 0, 0.21, 0, 0.35, 431, 1.78, 51, 54, 861, 0, 0.1, 91, 303, -1, 8
Andriy Yarmolenko, 33, 625129200, 1989/10/23, Premier League, 2018/2019, Forward, West Ham United, 459, 269, 190, Ukraine, 9, 5, 4, 2, 0, 2, 0, 0, 0, 0, 0, 1, 1, 0, 4, 1, 3, 2, 0, 0.39, 0, 0.39, 0, 0.95, 230, 0.78, 115, 51, 230, 0, 0.39, 36, 361, -1, 7
Solomon March, 28, 774687600, 1994/07/20, Premier League, 2018/2019, Midfielder, Brighton & Hove Albion, 2473, 1153, 1320, England, 35, 16, 19, 1, 1, 0, 5, 1, 4, 0, 0, 6, 4, 2, 39, 13, 26, 1, 0, 0.22, 0.18, 0.04, 0.08, 0, 2473, 1.42, 63, 71, 2473, 495, 0.04, 242, 82, -1, 11
Solomon March, 28, 774687600, 1994/07/20, Premier League, 2018/2019, Midfielder, Brighton & Hove Albion, 2473, 1153, 1320, England, 35, 16, 19, 1, 1, 0, 5, 1, 4, 0, 0, 6, 4, 2, 39, 13, 26, 1, 0, 0.22, 0.18, 0.04, 0.08, 0, 2473, 1.42, 63, 71, 2473, 495, 0.04, 242, 82, -1, 11
Fernando Llorente Torres, 37, 478252800, 1985/02/26, Premier League, 2018/2019, Forward, Tottenham Hotspur, 683, 508, 175, Spain, 20, 11, 9, 1, 1, 0, 4, 4, 0, 0, 0, 7, 5, 2, 8, 5, 3, 2, 0, 0.66, 0.53, 0.13, 0.18, 0, 683, 1.05, 85, 34, 342, 171, 0.26, 133, 2, -1, 8
Luciano Vietto, 28, 755078400, 1993/12/05, Premier League, 2018/2019, Forward, Fulham, 983, 549, 434, Argentina, 20, 9, 11, 1, 1, 0, 4, 4, 0, 0, 0, 1, 1, 0, 21, 11, 10, 1, 0, 0.46, 0.37, 0.09, 0.16, 0, 983, 1.92, 47, 49, 983, 246, 0.09, 180, 11, -1, 8
Luke Shaw, 27, 805532400, 1995/07/12, Premier League, 2018/2019, Defender, Manchester United, 2592, 1170, 1422, England, 29, 13, 16, 1, 1, 0, 4, 2, 2, 0, 0, 6, 1, 5, 36, 16, 20, 11, 0, 0.17, 0.14, 0.03, 0.08, 0, 2592, 1.25, 72, 89, 236, 648, 0.38, 262, 105, 77, 13
Fernando Luiz Rosa, 37, 484038000, 1985/05/04, Premier League, 2018/2019, Midfielder, Manchester City, 2381, 1286, 1095, Brazil, 29, 15, 14, 1, 1, 0, 3, 3, 0, 0, 0, 16, 7, 9, 15, 8, 7, 5, 0, 0.15, 0.11, 0.04, 0.07, 0, 2381, 0.57, 159, 82, 476, 794, 0.19, 228, 132, -1, 15
Kelechi Iheanacho, 26, 844326000, 1996/10/03, Premier League, 2018/2019, Forward, Leicester City, 926, 408, 518, Nigeria, 30, 14, 16, 1, 1, 0, 3, 2, 1, 0, 0, 6, 4, 2, 11, 5, 6, 2, 0, 0.39, 0.29, 0.1, 0.22, 0, 926, 1.07, 84, 31, 463, 309, 0.19, 169, 24, -1, 13
Matt Targett, 27, 811407600, 1995/09/18, Premier League, 2018/2019, Defender, Southampton, 1185, 483, 702, England, 16, 7, 9, 1, 1, 0, 3, 2, 1, 0, 0, 1, 0, 1, 24, 10, 14, 2, 0, 0.3, 0.23, 0.08, 0.19, 0, 1185, 1.82, 49, 74, 593, 395, 0.15, 183, 51, 151, 11
Nacho Monreal, 36, 509788800, 1986/02/26, Premier League, 2018/2019, Defender, Arsenal, 1861, 781, 1080, Spain, 22, 10, 12, 1, 1, 0, 3, 0, 3, 0, 0, 6, 5, 1, 21, 3, 18, 5, 0, 0.19, 0.15, 0.05, 0.12, 0, 1861, 1.02, 89, 85, 372, 620, 0.24, 222, 98, 37, 11
Alexis Sanchez, 33, 598521600, 1988/12/19, Premier League, 2018/2019, Forward, Manchester United, 877, 387, 490, Chile, 20, 10, 10, 1, 1, 0, 3, 0, 3, 0, 0, 6, 2, 4, 8, 4, 4, 3, 0, 0.41, 0.31, 0.1, 0.23, 0, 877, 0.82, 110, 44, 292, 292, 0.31, 166, 17, -1, 10
Kieran Trippier, 32, 653727600, 1990/09/19, Premier League, 2018/2019, Defender, Tottenham Hotspur, 2278, 1188, 1090, England, 27, 14, 13, 1, 1, 0, 3, 0, 3, 0, 0, 10, 5, 5, 20, 10, 10, 2, 0, 0.16, 0.12, 0.04, 0.08, 0, 2278, 0.79, 114, 84, 1139, 759, 0.08, 230, 122, 19, 12
Jack Cork, 33, 614761200, 1989/06/25, Premier League, 2018/2019, Midfielder, Burnley, 3313, 1693, 1620, England, 37, 19, 18, 1, 1, 0, 2, 1, 1, 0, 0, 8, 5, 3, 54, 27, 27, 6, 0, 0.08, 0.05, 0.03, 0.05, 0, 3313, 1.47, 61, 90, 552, 1657, 0.16, 249, 204, -1, 11
Fabinho, 29, 751359600, 1993/10/23, Premier League, 2018/2019, Midfielder, Liverpool, 2013, 1051, 962, Brazil, 28, 14, 14, 1, 1, 0, 2, 1, 1, 0, 0, 15, 7, 8, 13, 6, 7, 6, 0, 0.13, 0.09, 0.04, 0.09, 0, 2013, 0.58, 155, 72, 336, 1007, 0.27, 229, 166, -1, 15
Cedric Soares, 31, 683622000, 1991/08/31, Premier League, 2018/2019, Defender, Southampton, 1494, 651, 843, Portugal, 18, 8, 10, 1, 1, 0, 2, 0, 2, 0, 0, 5, 2, 3, 26, 7, 19, 4, 0, 0.18, 0.12, 0.06, 0.14, 0, 1494, 1.57, 57, 83, 374, 747, 0.24, 204, 124, 127, 15
Jean Michau00ebl Seri, 31, 679906800, 1991/07/19, Premier League, 2018/2019, Midfielder, Fulham, 2252, 1112, 1140, Ivory Coast, 32, 15, 17, 1, 1, 0, 2, 0, 2, 0, 0, 4, 2, 2, 53, 23, 30, 6, 0, 0.12, 0.08, 0.04, 0.08, 0, 2252, 2.12, 42, 70, 375, 1126, 0.24, 236, 171, -1, 7
Jonny, 28, 762681600, 1994/03/03, Premier League, 2018/2019, Defender, Wolverhampton Wanderers, 2780, 1269, 1511, Spain, 33, 16, 17, 1, 1, 0, 1, 1, 0, 0, 0, 8, 6, 2, 36, 16, 20, 6, 0, 0.06, 0.03, 0.03, 0.07, 0, 2780, 1.17, 77, 84, 463, 2780, 0.19, 257, 237, 59, 12
Aron Einar Gunnarsson, 33, 609231600, 1989/04/22, Premier League, 2018/2019, Midfielder, Cardiff City, 2274, 1240, 1034, Iceland, 28, 14, 14, 1, 1, 0, 1, 1, 0, 0, 0, 8, 4, 4, 37, 20, 17, 5, 0, 0.08, 0.04, 0.04, 0.07, 0, 2274, 1.46, 61, 81, 455, 2274, 0.2, 232, 234, -1, 9
Francisco Femenía Far, 31, 665481600, 1991/02/02, Premier League, 2018/2019, Midfielder, Watford, 2045, 1011, 1034, Spain, 29, 14, 15, 1, 1, 0, 1, 1, 0, 0, 0, 5, 3, 2, 38, 21, 17, 1, 0, 0.09, 0.04, 0.04, 0.09, 0, 2045, 1.67, 54, 71, 2045, 2045, 0.04, 240, 216, -1, 12
Tom Cairney, 31, 664358400, 1991/01/20, Premier League, 2018/2019, Midfielder, Fulham, 2198, 1107, 1091, Scotland, 31, 16, 15, 1, 1, 0, 1, 1, 0, 0, 0, 4, 3, 1, 49, 21, 28, 0, 0, 0.08, 0.04, 0.04, 0.08, 0, 2198, 2.01, 45, 71, 0, 2198, 0, 238, 217, -1, 10
Isaac Mbenza, 26, 826272000, 1996/03/08, Premier League, 2018/2019, Forward, Huddersfield Town, 981, 589, 392, Belgium, 22, 13, 9, 1, 1, 0, 1, 1, 0, 0, 0, 4, 2, 2, 25, 15, 10, 1, 0, 0.18, 0.09, 0.09, 0.15, 0, 981, 2.29, 39, 45, 981, 981, 0.09, 172, 165, -1, 11
Aaron Lennon, 35, 545554800, 1987/04/16, Premier League, 2018/2019, Midfielder, Burnley, 1217, 487, 730, England, 16, 7, 9, 1, 1, 0, 1, 1, 0, 0, 0, 4, 2, 2, 20, 8, 12, 1, 0, 0.15, 0.07, 0.07, 0.18, 0, 1217, 1.48, 61, 76, 1217, 1217, 0.07, 196, 187, -1, 10
Angelo Ogbonna, 34, 580374000, 1988/05/23, Premier League, 2018/2019, Defender, West Ham United, 1870, 956, 914, Italy, 24, 12, 12, 1, 1, 0, 1, 1, 0, 0, 0, 3, 2, 1, 32, 13, 19, 2, 0, 0.1, 0.05, 0.05, 0.09, 0, 1870, 1.54, 58, 78, 935, 1870, 0.1, 226, 207, 124, 13
Andreas Pereira, 26, 820483200, 1996/01/01, Premier League, 2018/2019, Midfielder, Manchester United, 595, 521, 74, Brazil, 15, 10, 5, 1, 1, 0, 1, 1, 0, 0, 0, 1, 1, 0, 10, 7, 3, 5, 0, 0.3, 0.15, 0.15, 0.17, 0, 595, 1.51, 60, 40, 119, 595, 0.76, 117, 93, -1, 16
André Filipe Tavares Gomes, 29, 744015600, 1993/07/30, Premier League, 2018/2019, Midfielder, Everton, 1986, 972, 1014, Portugal, 27, 13, 14, 1, 1, 0, 1, 1, 0, 0, 0, 10, 6, 4, 27, 13, 14, 7, 0, 0.09, 0.05, 0.05, 0.09, 0, 1986, 1.22, 74, 74, 284, 1986, 0.32, 220, 213, -1, 11
Adam Smith, 31, 672908400, 1991/04/29, Premier League, 2018/2019, Defender, AFC Bournemouth, 2073, 1051, 1022, England, 25, 12, 13, 1, 1, 0, 1, 0, 1, 0, 0, 9, 5, 4, 30, 10, 20, 6, 1, 0.09, 0.04, 0.04, 0.09, 0, 2073, 1.3, 69, 83, 296, 2073, 0.3, 227, 228, 85, 10
Davinson Sánchez Mina, 26, 834562800, 1996/06/12, Premier League, 2018/2019, Defender, Tottenham Hotspur, 1943, 873, 1070, Colombia, 23, 10, 13, 1, 1, 0, 1, 0, 1, 0, 0, 6, 3, 3, 21, 9, 12, 2, 0, 0.09, 0.05, 0.05, 0.1, 0, 1943, 0.97, 93, 84, 972, 1943, 0.09, 221, 208, 26, 13
Victor Nilsson Lindelöf, 28, 774428400, 1994/07/17, Premier League, 2018/2019, Defender, Manchester United, 2602, 1112, 1490, Sweden, 30, 13, 17, 1, 1, 0, 1, 0, 1, 0, 0, 6, 2, 4, 38, 13, 25, 1, 0, 0.07, 0.03, 0.03, 0.08, 0, 2602, 1.31, 68, 87, 2602, 2602, 0.03, 263, 246, 88, 14
Isaac Ajayi Success, 26, 821001600, 1996/01/07, Premier League, 2018/2019, Forward, Watford, 1037, 461, 576, Nigeria, 30, 15, 15, 1, 1, 0, 1, 0, 1, 0, 0, 5, 3, 2, 20, 8, 12, 4, 0, 0.17, 0.09, 0.09, 0.2, 0, 1037, 1.74, 52, 35, 259, 1037, 0.35, 181, 154, -1, 10
Danny Welbeck, 31, 659606400, 1990/11/26, Premier League, 2018/2019, Forward, Arsenal, 147, 47, 100, England, 8, 4, 4, 1, 1, 0, 1, 0, 1, 0, 0, 2, 2, 0, 2, 0, 2, 0, 0, 1.22, 0.61, 0.61, 1.91, 0, 147, 1.22, 74, 18, 0, 147, 0, -1, -1, -1, 13
Kyle Walker, 32, 643878000, 1990/05/28, Premier League, 2018/2019, Defender, Manchester City, 2777, 1245, 1532, England, 33, 15, 18, 1, 1, 0, 1, 0, 1, 0, 0, 18, 7, 11, 17, 9, 8, 3, 0, 0.06, 0.03, 0.03, 0.07, 0, 2777, 0.55, 163, 84, 926, 2777, 0.1, 250, 248, 10, 14
Matěj Vydra, 30, 704703600, 1992/05/01, Premier League, 2018/2019, Forward, Burnley, 311, 91, 220, Czech Republic, 13, 6, 7, 1, 1, 0, 1, 0, 1, 0, 0, 1, 1, 0, 4, 0, 4, 1, 0, 0.58, 0.29, 0.29, 0.99, 0, 311, 1.16, 78, 24, 311, 311, 0.29, 66, 23, -1, 12
Frederico Rodrigues Santos, 29, 731318400, 1993/03/05, Premier League, 2018/2019, Midfielder, Manchester United, 1045, 577, 468, Brazil, 17, 9, 8, 1, 1, 0, 1, 0, 1, 0, 0, 0, 0, 0, 19, 8, 11, 2, 0, 0.17, 0.09, 0.09, 0.16, 0, 1045, 1.64, 55, 61, 523, 1045, 0.17, 178, 156, -1, 12
Ryan Bennett, 32, 636710400, 1990/03/06, Premier League, 2018/2019, Defender, Wolverhampton Wanderers, 3060, 1710, 1350, England, 34, 19, 15, 1, 1, 0, 0, 0, 0, 0, 0, 9, 7, 2, 36, 20, 16, 12, 0, 0.03, 0, 0.03, 0.05, 0, 3060, 1.06, 85, 90, 255, 0, 0.35, 256, 304, 40, 10
Jonny Evans, 34, 568195200, 1988/01/03, Premier League, 2018/2019, Defender, Leicester City, 1995, 1074, 921, Northern Ireland, 24, 12, 12, 1, 1, 0, 0, 0, 0, 0, 0, 8, 6, 2, 22, 9, 13, 2, 0, 0.05, 0, 0.05, 0.08, 0, 1995, 0.99, 91, 83, 998, 0, 0.09, 224, 319, 32, 11
Philip Foden, 22, 959497200, 2000/05/28, Premier League, 2018/2019, Midfielder, Manchester City, 327, 279, 48, England, 13, 10, 3, 1, 1, 0, 0, 0, 0, 0, 0, 8, 6, 2, 0, 0, 0, 0, 0, 0.28, 0, 0.28, 0.32, 0, 327, 0, 0, 25, 0, 0, 0, 67, 386, -1, 11
Christian Atsu Twasam, 30, 695030400, 1992/01/10, Premier League, 2018/2019, Midfielder, Newcastle United, 1487, 710, 777, Ghana, 28, 13, 15, 1, 1, 0, 0, 0, 0, 0, 0, 8, 3, 5, 16, 10, 6, 2, 0, 0.06, 0, 0.06, 0.13, 0, 1487, 0.97, 93, 53, 744, 0, 0.12, 206, 271, -1, 7
Issa Diop, 25, 852796800, 1997/01/09, Premier League, 2018/2019, Defender, West Ham United, 2970, 1530, 1440, France, 33, 17, 16, 1, 1, 0, 0, 0, 0, 0, 0, 7, 4, 3, 38, 20, 18, 4, 0, 0.03, 0, 0.03, 0.06, 0, 2970, 1.15, 78, 90, 743, 0, 0.12, 248, 364, 55, 14
Vincent Kompany, 36, 513504000, 1986/04/10, Premier League, 2018/2019, Defender, Manchester City, 1223, 561, 662, Belgium, 17, 8, 9, 1, 1, 0, 0, 0, 0, 0, 0, 7, 3, 4, 7, 3, 4, 6, 0, 0.07, 0, 0.07, 0.16, 0, 1223, 0.52, 175, 72, 204, 0, 0.44, 194, 384, 7, 12
Victor Wanyama, 31, 677833200, 1991/06/25, Premier League, 2018/2019, Midfielder, Tottenham Hotspur, 509, 302, 207, Kenya, 13, 9, 4, 1, 1, 0, 0, 0, 0, 0, 0, 6, 4, 2, 3, 3, 0, 2, 0, 0.18, 0, 0.18, 0.3, 0, 509, 0.53, 170, 39, 255, 0, 0.35, 106, 266, -1, 11
Charlie Daniels, 36, 526460400, 1986/09/07, Premier League, 2018/2019, Defender, AFC Bournemouth, 1583, 803, 780, England, 21, 11, 10, 1, 1, 0, 0, 0, 0, 0, 0, 6, 4, 2, 32, 14, 18, 4, 0, 0.06, 0, 0.06, 0.11, 0, 1583, 1.82, 49, 75, 396, 0, 0.23, 208, 254, 152, 12
Dejan Lovren, 33, 615625200, 1989/07/05, Premier League, 2018/2019, Defender, Liverpool, 985, 540, 445, Croatia, 13, 7, 6, 1, 1, 0, 0, 0, 0, 0, 0, 6, 3, 3, 7, 3, 4, 1, 0, 0.09, 0, 0.09, 0.17, 0, 985, 0.64, 141, 76, 985, 0, 0.09, 173, 324, 15, 12
Ryan Bertrand, 33, 618303600, 1989/08/05, Premier League, 2018/2019, Defender, Southampton, 2160, 1170, 990, England, 24, 13, 11, 1, 1, 0, 0, 0, 0, 0, 0, 6, 3, 3, 36, 15, 21, 8, 0, 0.04, 0, 0.04, 0.08, 0, 2160, 1.5, 60, 90, 270, 0, 0.33, 245, 366, 117, 13
Oriol Romeu, 31, 685695600, 1991/09/24, Premier League, 2018/2019, Midfielder, Southampton, 2140, 1110, 1030, Spain, 31, 16, 15, 1, 1, 0, 0, 0, 0, 0, 0, 6, 3, 3, 32, 16, 16, 11, 0, 0.04, 0, 0.04, 0.08, 0, 2140, 1.35, 67, 69, 195, 0, 0.46, 244, 371, -1, 9
Nemanja Matić, 34, 586422000, 1988/08/01, Premier League, 2018/2019, Midfielder, Manchester United, 2441, 1051, 1390, Serbia, 28, 12, 16, 1, 1, 0, 0, 0, 0, 0, 0, 6, 1, 5, 35, 14, 21, 8, 1, 0.04, 0, 0.04, 0.09, 0, 2441, 1.29, 70, 87, 305, 0, 0.29, 239, 257, -1, 11
Phil Jagielka, 40, 398415600, 1982/08/17, Premier League, 2018/2019, Defender, Everton, 329, 95, 234, England, 7, 3, 4, 1, 1, 0, 0, 0, 0, 0, 0, 5, 3, 2, 2, 0, 2, 1, 1, 0.27, 0, 0.27, 0.95, 0, 329, 0.55, 165, 47, 165, 0, 0.55, 71, 272, 9, 13
Jack Stephens, 28, 759657600, 1994/01/27, Premier League, 2018/2019, Defender, Southampton, 1697, 816, 881, England, 24, 10, 14, 1, 1, 0, 0, 0, 0, 0, 0, 5, 2, 3, 30, 11, 19, 4, 0, 0.05, 0, 0.05, 0.11, 0, 1697, 1.59, 57, 71, 424, 0, 0.21, 223, 369, 130, 14
Kadeem Harris, 29, 739522800, 1993/06/08, Premier League, 2018/2019, Midfielder, Cardiff City, 366, 133, 233, England, 13, 5, 8, 1, 1, 0, 0, 0, 0, 0, 0, 4, 1, 3, 5, 1, 4, 1, 0, 0.25, 0, 0.25, 0.68, 0, 366, 1.23, 73, 28, 366, 0, 0.25, 79, 262, -1, 11
Sean Longstaff, 25, 878198400, 1997/10/30, Premier League, 2018/2019, Midfielder, Newcastle United, 688, 355, 333, England, 9, 4, 5, 1, 1, 0, 0, 0, 0, 0, 0, 3, 3, 0, 8, 1, 7, 2, 0, 0.13, 0, 0.13, 0.25, 0, 688, 1.05, 86, 76, 344, 0, 0.26, 135, 263, -1, 11
Ryan Fredericks, 30, 718700400, 1992/10/10, Premier League, 2018/2019, Midfielder, West Ham United, 1085, 404, 681, England, 15, 5, 10, 1, 1, 0, 0, 0, 0, 0, 0, 3, 2, 1, 13, 1, 12, 5, 0, 0.08, 0, 0.08, 0.22, 0, 1085, 1.08, 83, 72, 217, 0, 0.41, 189, 340, -1, 11
Rachid Ghezzal, 30, 705394800, 1992/05/09, Premier League, 2018/2019, Forward, Leicester City, 738, 455, 283, Algeria, 19, 12, 7, 1, 1, 0, 0, 0, 0, 0, 0, 3, 2, 1, 12, 6, 6, 3, 0, 0.12, 0, 0.12, 0.2, 0, 738, 1.46, 62, 39, 246, 0, 0.37, 140, 322, -1, 12
Manolo Gabbiadini, 30, 691142400, 1991/11/26, Premier League, 2018/2019, Forward, Southampton, 470, 253, 217, Italy, 12, 6, 6, 1, 1, 0, 0, 0, 0, 0, 0, 3, 2, 1, 11, 3, 8, 0, 0, 0.19, 0, 0.19, 0.36, 0, 470, 2.11, 43, 39, 0, 0, 0, 100, 357, -1, 12
Danny Ward, 31, 660729600, 1990/12/09, Premier League, 2018/2019, Forward, Cardiff City, 440, 246, 194, England, 14, 6, 8, 1, 1, 0, 0, 0, 0, 0, 0, 2, 0, 2, 11, 8, 3, 0, 0, 0.2, 0, 0.2, 0.37, 0, 440, 2.25, 40, 31, 0, 0, 0, 94, 382, -1, 10
Antonio Rüdiger, 29, 731145600, 1993/03/03, Premier League, 2018/2019, Defender, Chelsea, 2874, 1350, 1524, Germany, 33, 15, 18, 1, 1, 0, 0, 0, 0, 0, 0, 12, 7, 5, 34, 10, 24, 7, 0, 0.03, 0, 0.03, 0.07, 0, 2874, 1.06, 85, 87, 411, 0, 0.22, 259, 374, 38, 13
Joel Matip, 31, 681634800, 1991/08/08, Premier League, 2018/2019, Defender, Liverpool, 1532, 811, 721, Cameroon, 22, 10, 12, 1, 1, 0, 0, 0, 0, 0, 0, 11, 6, 5, 9, 5, 4, 3, 0, 0.06, 0, 0.06, 0.11, 0, 1532, 0.53, 170, 70, 511, 0, 0.18, 215, 286, 8, 11
Domingos Quina, 22, 942912000, 1999/11/18, Premier League, 2018/2019, Midfielder, Watford, 335, 217, 118, Portugal, 8, 5, 3, 1, 1, 0, 0, 0, 0, 0, 0, 1, 0, 1, 5, 3, 2, 0, 0, 0.27, 0, 0.27, 0.41, 0, 335, 1.34, 67, 42, 0, 0, 0, 72, 316, -1, 13
Leon Balogun, 34, 583484400, 1988/06/28, Premier League, 2018/2019, Defender, Brighton & Hove Albion, 591, 309, 282, Nigeria, 8, 4, 4, 1, 1, 0, 0, 0, 0, 0, 0, 0, 0, 0, 9, 5, 4, 2, 0, 0.15, 0, 0.15, 0.29, 0, 591, 1.37, 66, 74, 296, 0, 0.3, 121, 292, 97, 12
Ben Gibson, 29, 727084800, 1993/01/15, Premier League, 2018/2019, Defender, Burnley, 63, 63, 0, England, 1, 1, 0, 1, 1, 0, 0, 0, 0, 0, 0, 0, 0, 0, 3, 3, 0, 1, 0, 1.43, 0, 1.43, 1.43, 0, 63, 4.29, 21, 63, 63, 0, 1.43, -1, -1, -1, 9
Joel Ward, 32, 625647600, 1989/10/29, Premier League, 2018/2019, Defender, Crystal Palace, 551, 191, 360, England, 7, 3, 4, 1, 1, 0, 0, 0, 0, 0, 0, 0, 0, 0, 12, 6, 6, 1, 0, 0.16, 0, 0.16, 0.47, 0, 551, 1.96, 46, 79, 551, 0, 0.16, 114, 358, 159, 11
João Moutinho, 36, 526546800, 1986/09/08, Premier League, 2018/2019, Midfielder, Wolverhampton Wanderers, 3040, 1532, 1508, Portugal, 38, 19, 19, 1, 0, 1, 8, 5, 3, 0, 0, 9, 7, 2, 37, 17, 20, 4, 0, 0.27, 0.24, 0.03, 0, 0.06, 3040, 1.1, 82, 80, 760, 380, 0.12, 258, 44, -1, 11
Cesar Azpilicueta, 33, 620290800, 1989/08/28, Premier League, 2018/2019, Defender, Chelsea, 3403, 1693, 1710, Spain, 38, 19, 19, 1, 0, 1, 5, 3, 2, 0, 0, 16, 10, 6, 38, 12, 26, 4, 0, 0.16, 0.13, 0.03, 0, 0.05, 3403, 1, 90, 90, 851, 681, 0.11, 260, 116, 33, 14
Isaac Hayden, 27, 795859200, 1995/03/22, Premier League, 2018/2019, Midfielder, Newcastle United, 1886, 904, 982, England, 25, 11, 14, 1, 0, 1, 4, 4, 0, 0, 0, 7, 3, 4, 25, 12, 13, 4, 1, 0.24, 0.19, 0.05, 0, 0.09, 1886, 1.19, 75, 75, 377, 472, 0.24, 219, 67, -1, 10
Sean Morrison, 31, 663321600, 1991/01/08, Premier League, 2018/2019, Defender, Cardiff City, 3040, 1600, 1440, England, 34, 18, 16, 1, 0, 1, 3, 2, 1, 0, 0, 9, 4, 5, 57, 34, 23, 6, 0, 0.12, 0.09, 0.03, 0, 0.06, 3040, 1.69, 53, 89, 507, 1013, 0.18, 255, 164, 140, 8
Etienne Capoue, 34, 584607600, 1988/07/11, Premier League, 2018/2019, Midfielder, Watford, 2947, 1518, 1429, France, 33, 17, 16, 1, 0, 1, 3, 2, 1, 0, 0, 7, 4, 3, 47, 24, 23, 15, 1, 0.12, 0.09, 0.03, 0, 0.06, 2947, 1.44, 63, 89, 184, 982, 0.49, 253, 153, -1, 9
Jordan Henderson, 32, 645606000, 1990/06/17, Premier League, 2018/2019, Midfielder, Liverpool, 1983, 925, 1058, England, 32, 16, 16, 1, 0, 1, 3, 2, 1, 0, 0, 19, 10, 9, 11, 4, 7, 3, 1, 0.18, 0.14, 0.05, 0, 0.09, 1983, 0.5, 180, 62, 661, 661, 0.14, 217, 102, -1, 14
Bernard Anício Caldeira Duarte, 30, 715935600, 1992/09/08, Premier League, 2018/2019, Midfielder, Everton, 2128, 960, 1168, Brazil, 34, 16, 18, 1, 0, 1, 3, 1, 2, 0, 0, 14, 9, 5, 19, 5, 14, 5, 0, 0.17, 0.13, 0.04, 0, 0.08, 2128, 0.8, 112, 63, 426, 709, 0.21, 243, 117, -1, 12
Sokratis Papastathopoulos, 34, 581842800, 1988/06/09, Premier League, 2018/2019, Defender, Arsenal, 2199, 1119, 1080, Greece, 25, 13, 12, 1, 0, 1, 2, 2, 0, 0, 0, 6, 6, 0, 31, 9, 22, 12, 0, 0.12, 0.08, 0.04, 0, 0.08, 2199, 1.27, 71, 88, 183, 1100, 0.49, 234, 173, 82, 12
Harvey Lewis Barnes, 24, 881654400, 1997/12/09, Premier League, 2018/2019, Midfielder, Leicester City, 1007, 601, 406, England, 16, 9, 7, 1, 0, 1, 2, 2, 0, 0, 0, 3, 3, 0, 16, 7, 9, 0, 0, 0.27, 0.18, 0.09, 0, 0.22, 1007, 1.43, 63, 63, 0, 504, 0, 175, 78, -1, 10
Ken Sema, 29, 749372400, 1993/09/30, Premier League, 2018/2019, Midfielder, Watford, 755, 301, 454, Sweden, 17, 8, 9, 1, 0, 1, 2, 1, 1, 0, 0, 6, 4, 2, 8, 3, 5, 1, 0, 0.36, 0.24, 0.12, 0, 0.2, 755, 0.95, 94, 44, 755, 378, 0.12, 143, 47, -1, 14
DeAndre Yedlin, 29, 742201200, 1993/07/09, Premier League, 2018/2019, Defender, Newcastle United, 2475, 1313, 1162, USA, 29, 16, 13, 1, 0, 1, 2, 1, 1, 0, 0, 6, 4, 2, 37, 19, 18, 7, 1, 0.11, 0.07, 0.04, 0, 0.08, 2475, 1.35, 67, 85, 309, 1238, 0.29, 237, 177, 93, 13
Hélder Wander Sousa Azevedo Costa, 28, 758361600, 1994/01/12, Premier League, 2018/2019, Midfielder, Wolverhampton Wanderers, 1345, 657, 688, Portugal, 25, 11, 14, 1, 0, 1, 2, 1, 1, 0, 0, 5, 3, 2, 18, 10, 8, 3, 0, 0.2, 0.13, 0.07, 0, 0.13, 1345, 1.2, 75, 54, 448, 673, 0.2, 200, 113, -1, 9
Michael Keane, 29, 726739200, 1993/01/11, Premier League, 2018/2019, Defender, Everton, 2970, 1350, 1620, England, 33, 15, 18, 1, 0, 1, 2, 1, 1, 0, 0, 13, 8, 5, 37, 15, 22, 2, 0, 0.09, 0.06, 0.03, 0, 0.06, 2970, 1.12, 80, 90, 1485, 1485, 0.06, 251, 196, 49, 10
Max Meyer, 27, 811407600, 1995/09/18, Premier League, 2018/2019, Midfielder, Crystal Palace, 1414, 718, 696, Germany, 29, 18, 11, 1, 0, 1, 2, 0, 2, 0, 0, 8, 7, 1, 19, 5, 14, 3, 0, 0.19, 0.13, 0.06, 0, 0.13, 1414, 1.21, 74, 49, 471, 707, 0.19, 209, 110, -1, 8
Jordan Ayew, 31, 684572400, 1991/09/11, Premier League, 2018/2019, Forward, Crystal Palace, 1186, 616, 570, Ghana, 20, 8, 12, 1, 0, 1, 2, 0, 2, 0, 0, 6, 3, 3, 13, 7, 6, 3, 0, 0.23, 0.15, 0.08, 0, 0.16, 1186, 0.99, 91, 59, 395, 593, 0.23, 187, 96, -1, 12
Trent Alexander-Arnold, 24, 907743600, 1998/10/07, Premier League, 2018/2019, Defender, Liverpool, 2467, 1266, 1201, England, 29, 15, 14, 1, 0, 1, 12, 8, 4, 0, 0, 16, 11, 5, 14, 4, 10, 3, 0, 0.47, 0.44, 0.04, 0, 0.07, 2467, 0.51, 176, 85, 822, 206, 0.11, 233, 6, 6, 13
Robert Kenedy Nunes do Nascimento, 26, 823766400, 1996/02/08, Premier League, 2018/2019, Midfielder, Newcastle United, 1344, 611, 733, Brazil, 25, 13, 12, 1, 0, 1, 1, 1, 0, 0, 1, 8, 3, 5, 17, 9, 8, 1, 0, 0.13, 0.07, 0.07, 0, 0.12, 1344, 1.14, 79, 54, 1344, 1344, 0.07, 193, 184, -1, 9
Adama Traoré Diarra, 26, 822556800, 1996/01/25, Premier League, 2018/2019, Midfielder, Wolverhampton Wanderers, 890, 315, 575, Spain, 29, 12, 17, 1, 0, 1, 1, 1, 0, 0, 0, 6, 4, 2, 11, 2, 9, 1, 0, 0.2, 0.1, 0.1, 0, 0.16, 890, 1.11, 81, 31, 890, 890, 0.1, 160, 152, -1, 13
Beram Kayal, 34, 578559600, 1988/05/02, Premier League, 2018/2019, Midfielder, Brighton & Hove Albion, 934, 494, 440, Israel, 18, 9, 9, 1, 0, 1, 1, 1, 0, 0, 0, 5, 3, 2, 15, 8, 7, 4, 0, 0.19, 0.1, 0.1, 0, 0.2, 934, 1.45, 62, 52, 234, 934, 0.39, 163, 146, -1, 8
Jordon Ibe, 26, 818409600, 1995/12/08, Premier League, 2018/2019, Midfielder, AFC Bournemouth, 795, 334, 461, England, 19, 10, 9, 1, 0, 1, 1, 1, 0, 0, 0, 4, 4, 0, 21, 3, 18, 1, 0, 0.23, 0.11, 0.11, 0, 0.2, 795, 2.38, 38, 42, 795, 795, 0.11, 154, 134, -1, 13
Michael Obafemi, 22, 962866800, 2000/07/06, Premier League, 2018/2019, Forward, Southampton, 134, 64, 70, Republic of Ireland, 6, 2, 4, 1, 0, 1, 1, 1, 0, 0, 0, 0, 0, 0, 2, 2, 0, 1, 0, 1.34, 0.67, 0.67, 0, 1.29, 134, 1.34, 67, 22, 134, 134, 0.67, -1, -1, -1, 16
Steve Cook, 31, 672044400, 1991/04/19, Premier League, 2018/2019, Defender, AFC Bournemouth, 2787, 1350, 1437, England, 31, 15, 16, 1, 0, 1, 1, 0, 1, 0, 0, 9, 6, 3, 53, 17, 36, 3, 0, 0.06, 0.03, 0.03, 0, 0.06, 2787, 1.71, 53, 90, 929, 2787, 0.1, 254, 243, 145, 9
Davy Pröpper, 31, 683794800, 1991/09/02, Premier League, 2018/2019, Midfielder, Brighton & Hove Albion, 2551, 1371, 1180, Netherlands, 30, 16, 14, 1, 0, 1, 1, 0, 1, 0, 0, 5, 4, 1, 44, 19, 25, 2, 0, 0.07, 0.04, 0.04, 0, 0.08, 2551, 1.55, 58, 85, 1276, 2551, 0.07, 241, 226, -1, 10
Dale Stephens, 33, 613638000, 1989/06/12, Premier League, 2018/2019, Midfielder, Brighton & Hove Albion, 2487, 1191, 1296, England, 30, 14, 16, 1, 0, 1, 1, 0, 1, 0, 0, 5, 3, 2, 43, 18, 25, 7, 1, 0.07, 0.04, 0.04, 0, 0.07, 2487, 1.56, 58, 83, 311, 2487, 0.29, 247, 224, -1, 9
Christian Benteke, 31, 660211200, 1990/12/03, Premier League, 2018/2019, Forward, Crystal Palace, 813, 526, 287, Belgium, 16, 10, 6, 1, 0, 1, 1, 0, 1, 0, 0, 5, 3, 2, 10, 6, 4, 1, 0, 0.22, 0.11, 0.11, 0, 0.31, 813, 1.11, 81, 51, 813, 813, 0.11, 149, 142, -1, 10
Kenneth Dahrup Zohorè, 28, 760003200, 1994/01/31, Premier League, 2018/2019, Forward, Cardiff City, 746, 388, 358, Denmark, 19, 11, 8, 1, 0, 1, 1, 0, 1, 0, 0, 5, 2, 3, 15, 9, 6, 1, 0, 0.24, 0.12, 0.12, 0, 0.25, 746, 1.81, 50, 39, 746, 746, 0.12, 142, 128, -1, 12
Jonjo Shelvey, 30, 699177600, 1992/02/27, Premier League, 2018/2019, Midfielder, Newcastle United, 944, 403, 541, England, 16, 8, 8, 1, 0, 1, 1, 0, 1, 0, 0, 5, 1, 4, 11, 8, 3, 1, 0, 0.19, 0.1, 0.1, 0, 0.17, 944, 1.05, 86, 59, 944, 944, 0.1, 167, 149, -1, 12
Terence Kongolo, 28, 761212800, 1994/02/14, Premier League, 2018/2019, Defender, Huddersfield Town, 2722, 1405, 1317, Netherlands, 32, 17, 15, 1, 0, 1, 1, 0, 1, 0, 0, 4, 3, 1, 62, 27, 35, 4, 0, 0.07, 0.03, 0.03, 0, 0.07, 2722, 2.05, 44, 85, 681, 2722, 0.13, 261, 236, 165, 10
Ainsley Maitland-Niles, 25, 872838000, 1997/08/29, Premier League, 2018/2019, Midfielder, Arsenal, 985, 462, 523, England, 16, 7, 9, 1, 0, 1, 1, 0, 1, 0, 0, 4, 3, 1, 16, 5, 11, 3, 1, 0.18, 0.09, 0.09, 0, 0.17, 985, 1.46, 62, 62, 328, 985, 0.27, 174, 167, -1, 15
Mario Lemina, 29, 746866800, 1993/09/01, Premier League, 2018/2019, Midfielder, Southampton, 1615, 763, 852, Gabon, 21, 9, 12, 1, 0, 1, 1, 0, 1, 0, 0, 4, 2, 2, 32, 12, 20, 5, 0, 0.11, 0.06, 0.06, 0, 0.11, 1615, 1.78, 50, 77, 323, 1615, 0.28, 211, 195, -1, 10
Manuel Lanzini, 29, 729763200, 1993/02/15, Premier League, 2018/2019, Midfielder, West Ham United, 688, 367, 321, Argentina, 10, 5, 5, 1, 0, 1, 1, 0, 1, 0, 0, 2, 2, 0, 11, 5, 6, 2, 0, 0.26, 0.13, 0.13, 0, 0.28, 688, 1.44, 63, 69, 344, 688, 0.26, 130, 111, -1, 12
James Tomkins, 33, 607161600, 1989/03/29, Premier League, 2018/2019, Defender, Crystal Palace, 2563, 1140, 1423, England, 29, 13, 16, 1, 0, 1, 1, 0, 1, 0, 0, 10, 5, 5, 34, 12, 22, 6, 0, 0.07, 0.04, 0.04, 0, 0.06, 2563, 1.19, 75, 88, 427, 2563, 0.21, 235, 215, 63, 9
Jan Vertonghen, 35, 546246000, 1987/04/24, Premier League, 2018/2019, Defender, Tottenham Hotspur, 1915, 884, 1031, Belgium, 22, 10, 12, 1, 0, 1, 0, 0, 0, 0, 0, 7, 4, 3, 21, 7, 14, 5, 1, 0.05, 0, 0.05, 0, 0.09, 1915, 0.99, 91, 87, 383, 0, 0.23, 225, 282, 31, 10
Lys Mousset, 26, 823766400, 1996/02/08, Premier League, 2018/2019, Forward, AFC Bournemouth, 345, 96, 249, France, 24, 13, 11, 1, 0, 1, 0, 0, 0, 0, 0, 5, 4, 1, 13, 4, 9, 1, 0, 0.26, 0, 0.26, 0, 0.36, 345, 3.39, 27, 14, 345, 0, 0.26, 75, 395, -1, 11
Danilo, 31, 679561200, 1991/07/15, Premier League, 2018/2019, Defender, Manchester City, 806, 450, 356, Brazil, 11, 5, 6, 1, 0, 1, 0, 0, 0, 0, 0, 5, 3, 2, 7, 2, 5, 1, 0, 0.11, 0, 0.11, 0, 0.25, 806, 0.78, 115, 73, 806, 0, 0.11, 151, 318, 18, 13
Christopher Schindler, 32, 641372400, 1990/04/29, Premier League, 2018/2019, Defender, Huddersfield Town, 3262, 1642, 1620, Germany, 37, 19, 18, 1, 0, 1, 0, 0, 0, 0, 0, 5, 3, 2, 69, 30, 39, 6, 1, 0.03, 0, 0.03, 0, 0.06, 3262, 1.9, 47, 88, 544, 0, 0.17, 252, 345, 157, 9
Fabián Cornelio Balbuena González, 31, 682930800, 1991/08/23, Premier League, 2018/2019, Defender, West Ham United, 2014, 934, 1080, Paraguay, 23, 11, 12, 1, 0, 1, 0, 0, 0, 0, 0, 5, 2, 3, 27, 13, 14, 2, 0, 0.04, 0, 0.04, 0, 0.08, 2014, 1.21, 75, 88, 1007, 0, 0.09, 231, 356, 66, 10
Yoshinori Muto, 30, 711183600, 1992/07/15, Premier League, 2018/2019, Forward, Newcastle United, 516, 180, 336, Japan, 17, 8, 9, 1, 0, 1, 0, 0, 0, 0, 0, 5, 1, 4, 10, 3, 7, 1, 0, 0.17, 0, 0.17, 0, 0.27, 516, 1.74, 52, 30, 516, 0, 0.17, 113, 290, -1, 8
Yerry Fernando Mina González, 28, 780303600, 1994/09/23, Premier League, 2018/2019, Defender, Everton, 890, 360, 530, Colombia, 13, 6, 7, 1, 0, 1, 0, 0, 0, 0, 0, 4, 3, 1, 12, 3, 9, 3, 0, 0.1, 0, 0.1, 0, 0.17, 890, 1.21, 74, 68, 297, 0, 0.3, 161, 329, 67, 9
Juan Marcos Foyth, 24, 884592000, 1998/01/12, Premier League, 2018/2019, Defender, Tottenham Hotspur, 930, 450, 480, Argentina, 12, 6, 6, 1, 0, 1, 0, 0, 0, 0, 0, 4, 3, 1, 10, 2, 8, 4, 1, 0.1, 0, 0.1, 0, 0.19, 930, 0.97, 93, 78, 186, 0, 0.48, 157, 334, 28, 14
Tom Cleverley, 33, 618908400, 1989/08/12, Premier League, 2018/2019, Midfielder, Watford, 470, 102, 368, England, 13, 4, 9, 1, 0, 1, 0, 0, 0, 0, 0, 4, 2, 2, 7, 0, 7, 2, 0, 0.19, 0, 0.19, 0, 0.24, 470, 1.34, 67, 36, 235, 0, 0.38, 99, 298, -1, 11
Chris Smalling, 32, 627724800, 1989/11/22, Premier League, 2018/2019, Defender, Manchester United, 2128, 1138, 990, England, 24, 13, 11, 1, 0, 1, 0, 0, 0, 0, 0, 4, 2, 2, 34, 16, 18, 1, 0, 0.04, 0, 0.04, 0, 0.09, 2128, 1.44, 63, 89, 2128, 0, 0.04, 246, 294, 106, 15
Floyd Ayité, 33, 598176000, 1988/12/15, Premier League, 2018/2019, Midfielder, Fulham, 465, 296, 169, Togo, 16, 7, 9, 1, 0, 1, 0, 0, 0, 0, 0, 3, 1, 2, 13, 7, 6, 0, 0, 0.19, 0, 0.19, 0, 0.53, 465, 2.52, 36, 29, 0, 0, 0, 101, 268, -1, 9
Juninho Bacuna, 25, 870937200, 1997/08/07, Premier League, 2018/2019, Midfielder, Huddersfield Town, 1414, 722, 692, Netherlands, 21, 11, 10, 1, 0, 1, 0, 0, 0, 0, 0, 2, 2, 0, 36, 15, 21, 4, 0, 0.06, 0, 0.06, 0, 0.13, 1414, 2.29, 39, 67, 354, 0, 0.25, 205, 325, -1, 7
Jon Gorenc Stankovič, 26, 821606400, 1996/01/14, Premier League, 2018/2019, Defender, Huddersfield Town, 718, 218, 500, Slovenia, 11, 3, 8, 1, 0, 1, 0, 0, 0, 0, 0, 2, 1, 1, 19, 3, 16, 2, 0, 0.13, 0, 0.13, 0, 0.18, 718, 2.38, 38, 65, 359, 0, 0.25, 139, 291, 171, 8
Edward Nketiah, 23, 928047600, 1999/05/30, Premier League, 2018/2019, Forward, Arsenal, 62, 4, 58, England, 5, 1, 4, 1, 0, 1, 0, 0, 0, 0, 0, 1, 1, 0, 2, 0, 2, 0, 0, 1.45, 0, 1.45, 0, 1.55, 62, 2.9, 31, 12, 0, 0, 0, -1, -1, -1, 14
Harry Winks, 26, 823248000, 1996/02/02, Premier League, 2018/2019, Midfielder, Tottenham Hotspur, 1591, 832, 759, England, 26, 13, 13, 1, 0, 1, 0, 0, 0, 0, 0, 10, 4, 6, 16, 8, 8, 4, 0, 0.06, 0, 0.06, 0, 0.12, 1591, 0.91, 99, 61, 398, 0, 0.23, 207, 335, -1, 9
Hector Bellerin, 27, 795600000, 1995/03/19, Premier League, 2018/2019, Defender, Arsenal, 1535, 882, 653, Spain, 19, 10, 9, 0, 0, 0, 5, 4, 1, 0, 0, 4, 4, 0, 20, 8, 12, 3, 0, 0.29, 0.29, 0, 0, 0, 0, 1.17, 77, 81, 512, 307, 0.18, 385, 26, 61, 27
